﻿<?xml version="1.0" encoding="utf-8"?>
<HelpKI>

  <HelpKINode Title="AccountPasswordInfo class" Url="html/0cc081f9-79e7-ceae-abd3-e6b93700970b.htm" />
  <HelpKINode Title="AccountPasswordInfo class" Url="html/eb36fac6-f752-5940-65d4-1b5941288e58.htm" />
  <HelpKINode Title="AccountPasswordInfo class">
    <HelpKINode Title="about AccountPasswordInfo class" Url="html/eb36fac6-f752-5940-65d4-1b5941288e58.htm" />
    <HelpKINode Title="all members" Url="html/0cc081f9-79e7-ceae-abd3-e6b93700970b.htm" />
    <HelpKINode Title="constructor" Url="html/716339fa-7244-60d8-c0cf-96e44a4e2356.htm" />
    <HelpKINode Title="methods" Url="html/e07b7e69-a4cd-5157-481a-31680e61aadd.htm" />
    <HelpKINode Title="properties" Url="html/889221ee-be89-4c05-8ed6-153cafface46.htm" />
  </HelpKINode>
  <HelpKINode Title="AccountPasswordInfo.AccountPasswordInfo constructor" Url="html/716339fa-7244-60d8-c0cf-96e44a4e2356.htm" />
  <HelpKINode Title="AccountPasswordInfo.Password property" Url="html/e1660e03-7ccb-95fe-013e-7fa2911789d9.htm" />
  <HelpKINode Title="AccountPasswordInfo.PasswordSalt property" Url="html/1f76eb6d-b7ae-0cce-68a4-4319049145f5.htm" />
  <HelpKINode Title="AccountPasswordInfo.UserName property" Url="html/cc12e403-a8d2-5fec-fc72-49345fd8f245.htm" />
  <HelpKINode Title="AddUsersToRoles method" Url="html/c024e897-0979-0f1f-d9b5-ce91716fd9f8.htm" />
  <HelpKINode Title="AddUserToRole method" Url="html/9d3ef959-68cc-fc2f-78df-7469773f46e9.htm" />
  <HelpKINode Title="AllowCrossSiteJsonAttribute class" Url="html/c258e236-2fd5-2dd5-e466-29c9131ab304.htm" />
  <HelpKINode Title="AllowCrossSiteJsonAttribute class" Url="html/c31aec11-8ffb-b2e6-3f50-529fccc0e93c.htm" />
  <HelpKINode Title="AllowCrossSiteJsonAttribute class">
    <HelpKINode Title="about AllowCrossSiteJsonAttribute class" Url="html/c31aec11-8ffb-b2e6-3f50-529fccc0e93c.htm" />
    <HelpKINode Title="all members" Url="html/c258e236-2fd5-2dd5-e466-29c9131ab304.htm" />
    <HelpKINode Title="constructor" Url="html/99841dc7-370d-8c2d-40dd-01b2f6a10896.htm" />
    <HelpKINode Title="methods" Url="html/3a3a30e4-bdd4-2adb-cf89-7eb5f5d61859.htm" />
    <HelpKINode Title="properties" Url="html/c8e78c0a-ea44-082a-75b9-1907f55388db.htm" />
  </HelpKINode>
  <HelpKINode Title="AllowCrossSiteJsonAttribute.AllowCrossSiteJsonAttribute constructor" Url="html/99841dc7-370d-8c2d-40dd-01b2f6a10896.htm" />
  <HelpKINode Title="AllowCrossSiteJsonAttribute.OnActionExecuting method" Url="html/cf74695c-d41f-fd52-024c-9e3afaa65148.htm" />
  <HelpKINode Title="ApplicationName property" Url="html/7bbdfb1b-866f-dceb-ce82-7de767753fcf.htm" />
  <HelpKINode Title="ApplicationName property" Url="html/cffc028e-e6a6-2ac7-1330-7ff8b284b3de.htm" />
  <HelpKINode Title="ApplicationName property" Url="html/da74b638-f246-1b9c-3263-ab7e690ff664.htm" />
  <HelpKINode Title="ChangePassword method" Url="html/481c5c1d-b3a9-8ce7-db4b-b8acc88ae498.htm" />
  <HelpKINode Title="ChangePasswordQuestionAndAnswer method" Url="html/5a131530-c115-945e-4e03-ac827f6f80a8.htm" />
  <HelpKINode Title="ClearTextStrategy class" Url="html/16cfcc06-cb17-b0a4-11c5-d00bd2c5f1f9.htm" />
  <HelpKINode Title="ClearTextStrategy class" Url="html/f7385bb1-5b73-a284-8c6d-519aee46bb19.htm" />
  <HelpKINode Title="ClearTextStrategy class">
    <HelpKINode Title="about ClearTextStrategy class" Url="html/f7385bb1-5b73-a284-8c6d-519aee46bb19.htm" />
    <HelpKINode Title="all members" Url="html/16cfcc06-cb17-b0a4-11c5-d00bd2c5f1f9.htm" />
    <HelpKINode Title="constructor" Url="html/47f30e5f-7447-c620-16fb-07a95f94c8a3.htm" />
    <HelpKINode Title="methods" Url="html/7bc6c118-3116-6e15-3c2d-0de73d284f37.htm" />
    <HelpKINode Title="properties" Url="html/8bfcc259-f5cf-54da-0dad-80d5b0eb7e8b.htm" />
  </HelpKINode>
  <HelpKINode Title="ClearTextStrategy.ClearTextStrategy constructor" Url="html/47f30e5f-7447-c620-16fb-07a95f94c8a3.htm" />
  <HelpKINode Title="ClearTextStrategy.Compare method" Url="html/48b1c046-24b8-0e8d-6590-498af457873c.htm" />
  <HelpKINode Title="ClearTextStrategy.Decrypt method" Url="html/65331d39-836c-e9f4-d503-67025b91a585.htm" />
  <HelpKINode Title="ClearTextStrategy.Encrypt method" Url="html/f554d018-9cb0-487a-bf56-692a034683f5.htm" />
  <HelpKINode Title="ClearTextStrategy.GeneratePassword method" Url="html/8615f207-9eb8-d4c3-f524-5f2f04c253ce.htm" />
  <HelpKINode Title="ClearTextStrategy.IsPasswordsDecryptable property" Url="html/81a2ca6e-36bd-76c5-f96d-baca6c2f3b6e.htm" />
  <HelpKINode Title="ClearTextStrategy.IsValid method" Url="html/e4ecad8a-221f-47ad-f0f0-1c4f811263f3.htm" />
  <HelpKINode Title="ClearTextStrategy.PasswordFormat property" Url="html/b42c5c04-808b-1a78-4bc3-8b7f0aba5453.htm" />
  <HelpKINode Title="CloneUser method" Url="html/88700bfa-4b78-31fd-09a1-873d47e88b3c.htm" />
  <HelpKINode Title="Comment property" Url="html/39efda03-47c7-e4f6-4977-a485386c1c3b.htm" />
  <HelpKINode Title="Compare method" Url="html/29cfc4fb-8f4e-9e25-e0a7-2d7aef2858d3.htm" />
  <HelpKINode Title="Compare method" Url="html/48b1c046-24b8-0e8d-6590-498af457873c.htm" />
  <HelpKINode Title="Compare method" Url="html/81d5ead8-0f33-57e7-720c-246d19ebf815.htm" />
  <HelpKINode Title="Compare method" Url="html/ab56713d-8923-178d-c303-cff19e6dca9b.htm" />
  <HelpKINode Title="Configure method" Url="html/4d778b21-e985-de0b-9a1a-1185f72edfb3.htm" />
  <HelpKINode Title="Configure method" Url="html/d3640516-a0e1-c030-855e-6b564fdf56e6.htm" />
  <HelpKINode Title="Content property" Url="html/429d0ec7-b875-1669-1e1f-dfdf2425ad15.htm" />
  <HelpKINode Title="ContentType property" Url="html/a0d9bdb3-8410-6833-26d2-17044b5a6132.htm" />
  <HelpKINode Title="ControllerExtensions class" Url="html/73771533-6701-eddc-9288-e27e63cff374.htm" />
  <HelpKINode Title="ControllerExtensions class" Url="html/d9460bac-6cd8-7d26-e38d-0c5f45a68df3.htm" />
  <HelpKINode Title="ControllerExtensions class">
    <HelpKINode Title="about ControllerExtensions class" Url="html/73771533-6701-eddc-9288-e27e63cff374.htm" />
    <HelpKINode Title="all members" Url="html/d9460bac-6cd8-7d26-e38d-0c5f45a68df3.htm" />
    <HelpKINode Title="methods" Url="html/f1387ad1-5a92-8ef4-da7b-ee9780b56a95.htm" />
  </HelpKINode>
  <HelpKINode Title="ControllerExtensions.JsonResponse method" Url="html/f7664ac8-4915-7f46-0acf-cc9c9a2e22d2.htm" />
  <HelpKINode Title="Count property" Url="html/d5dfc7fa-6bff-3e12-6f75-bc122a21ac0f.htm" />
  <HelpKINode Title="Create method" Url="html/bf7359aa-1576-3d05-cfac-ffa54b82fae7.htm" />
  <HelpKINode Title="CreatedAt property" Url="html/5cc076f9-31b3-877b-0802-cefea4300e20.htm" />
  <HelpKINode Title="CreateMetadata method" Url="html/8b88b8c6-c921-ad49-df70-a61600000034.htm" />
  <HelpKINode Title="CreatePasswordInfo method" Url="html/9424c0d6-0e27-a034-bc89-8ba4a4ba8914.htm" />
  <HelpKINode Title="CreateRole method" Url="html/1fedae1f-a3e5-c794-c6b0-dd3749e1a050.htm" />
  <HelpKINode Title="CreateRole method" Url="html/f8a3cbd9-3989-0af2-2917-edd1c0b1aa89.htm" />
  <HelpKINode Title="CreateSalt method" Url="html/af08d96c-af05-e7e0-1b31-5502793e394f.htm" />
  <HelpKINode Title="CreateUser method" Url="html/2ed9376a-09a5-81e7-976f-240c854c7165.htm" />
  <HelpKINode Title="Decrypt method" Url="html/65331d39-836c-e9f4-d503-67025b91a585.htm" />
  <HelpKINode Title="Decrypt method" Url="html/741be4fd-aa59-227c-21db-9b3697bc36c5.htm" />
  <HelpKINode Title="Decrypt method" Url="html/c2419b16-9a07-d331-24e9-c857b2bc9fd2.htm" />
  <HelpKINode Title="Decrypt method" Url="html/ee041df0-87e4-320f-3e9a-44e8ed4830e9.htm" />
  <HelpKINode Title="DecryptString method" Url="html/95e788a3-e6e8-89ed-fd16-da43ce49ba76.htm" />
  <HelpKINode Title="Delete method" Url="html/d3ecc5b2-a76f-768e-2b17-7b0197bf9bed.htm" />
  <HelpKINode Title="DeleteRole method" Url="html/53000065-823c-a844-feac-45ad5bf70d6d.htm" />
  <HelpKINode Title="DeleteUser method" Url="html/b180295b-9d53-7c46-d6ee-8a88bd0dc082.htm" />
  <HelpKINode Title="Description property" Url="html/82a52dad-59ed-2bf3-eb9e-490bbd969557.htm" />
  <HelpKINode Title="Email property" Url="html/7ee42ddf-8f77-dc4d-1c70-87fc96702724.htm" />
  <HelpKINode Title="EnablePasswordReset property" Url="html/3ff20d3d-8f48-9b5a-bbeb-8c0cd71e6b2b.htm" />
  <HelpKINode Title="EnablePasswordRetrieval property" Url="html/9522b6ce-cbba-375a-30b5-01826ce62b04.htm" />
  <HelpKINode Title="Encrypt method" Url="html/0b1f69c5-5ec8-565e-ba41-932edc2deb58.htm" />
  <HelpKINode Title="Encrypt method" Url="html/b174479a-3ee4-3f70-5d55-43954e59c9e9.htm" />
  <HelpKINode Title="Encrypt method" Url="html/e8cc6050-6628-0a76-6a01-57a18c489e0a.htm" />
  <HelpKINode Title="Encrypt method" Url="html/f554d018-9cb0-487a-bf56-692a034683f5.htm" />
  <HelpKINode Title="EncryptPassword method" Url="html/f0dce209-b1b1-1824-1403-76996c0bebf6.htm" />
  <HelpKINode Title="EncryptString method" Url="html/2b48df4b-c839-4a91-eed4-285caae6f5ca.htm" />
  <HelpKINode Title="ErrorMessage class" Url="html/b126195b-6efd-c465-b394-2c64f7a3a8af.htm" />
  <HelpKINode Title="ErrorMessage class" Url="html/bc29b3e2-95e4-15d4-f3dc-a343366afdb6.htm" />
  <HelpKINode Title="ErrorMessage class">
    <HelpKINode Title="about ErrorMessage class" Url="html/bc29b3e2-95e4-15d4-f3dc-a343366afdb6.htm" />
    <HelpKINode Title="all members" Url="html/b126195b-6efd-c465-b394-2c64f7a3a8af.htm" />
    <HelpKINode Title="constructor" Url="html/b30b8af2-7d00-fd62-ab97-0db7d4b8dfc9.htm" />
    <HelpKINode Title="methods" Url="html/88c86802-e31a-8bf4-2e88-87dfc3071e2c.htm" />
    <HelpKINode Title="properties" Url="html/954b2e5c-f9c2-14cf-dc7b-8ac622373bd0.htm" />
  </HelpKINode>
  <HelpKINode Title="ErrorMessage.ErrorMessage constructor" Url="html/b30b8af2-7d00-fd62-ab97-0db7d4b8dfc9.htm" />
  <HelpKINode Title="ErrorMessage.Message property" Url="html/026cd0c9-6e9d-a7ae-3df1-46ba2a529fd8.htm" />
  <HelpKINode Title="ErrorMessage.PropertyName property" Url="html/65a219b1-7017-9260-5872-2a4b575b1d64.htm" />
  <HelpKINode Title="Exists method" Url="html/8077277b-d6be-a351-2e4c-86a0d1cf3375.htm" />
  <HelpKINode Title="FailedPasswordAnswerWindowAttemptCount property" Url="html/2d321ab2-185e-0c7a-6098-318253daf697.htm" />
  <HelpKINode Title="FailedPasswordAnswerWindowStartedAt property" Url="html/33e95a64-766e-0c35-cb60-d2f1ad31c396.htm" />
  <HelpKINode Title="FailedPasswordWindowAttemptCount property" Url="html/3dc5a2ad-14b2-694b-bcac-3389d99723c4.htm" />
  <HelpKINode Title="FailedPasswordWindowStartedAt property" Url="html/4699f3b4-c742-ed7b-ebaf-239df90496cd.htm" />
  <HelpKINode Title="FindAll method" Url="html/f3b27d98-64ee-ad41-760e-64e13aebb2a6.htm" />
  <HelpKINode Title="FindByEmail method" Url="html/0851a6e5-cb49-a2b2-d62f-cf97cc102b06.htm" />
  <HelpKINode Title="FindByUserName method" Url="html/2f5d3ef9-2426-711e-83d4-51c16b9a638a.htm" />
  <HelpKINode Title="FindUsersByEmail method" Url="html/82546397-3eb3-5d84-4cf4-2c1035495305.htm" />
  <HelpKINode Title="FindUsersByName method" Url="html/c6d37338-b557-626c-58c7-30942fa8ac9e.htm" />
  <HelpKINode Title="FindUsersInRole method" Url="html/8ad7aa70-550d-1de7-a204-3712adebe4c2.htm" />
  <HelpKINode Title="Format method" Url="html/e69a4305-363e-47c5-f22a-8632cca7729d.htm" />
  <HelpKINode Title="GeneratePassword method" Url="html/0b0e90d8-330e-25b8-6ff5-a40f206b76e7.htm" />
  <HelpKINode Title="GeneratePassword method" Url="html/8615f207-9eb8-d4c3-f524-5f2f04c253ce.htm" />
  <HelpKINode Title="GeneratePassword method" Url="html/a93c5938-108a-eba9-4866-f50c8ff7a691.htm" />
  <HelpKINode Title="GeneratePassword method" Url="html/b319c5b6-1b1a-5fc0-8a1c-86633174511e.htm" />
  <HelpKINode Title="GeneratePassword method" Url="html/f7a77b4b-1c59-4162-573b-9b48230ba04a.htm" />
  <HelpKINode Title="Get method" Url="html/cadc88dc-399c-cbd0-acb6-9f7a85347c7e.htm" />
  <HelpKINode Title="Get(Of T) method" Url="html/03248b38-41de-6153-8f40-cf8c7811d049.htm" />
  <HelpKINode Title="Get&lt;T&gt; method" Url="html/03248b38-41de-6153-8f40-cf8c7811d049.htm" />
  <HelpKINode Title="GetAllRoles method" Url="html/a2d43296-3678-d1ac-693d-fdf684b5eff3.htm" />
  <HelpKINode Title="GetAllUsers method" Url="html/3f2d60b2-61a5-8445-ffd7-5abc8e0a2274.htm" />
  <HelpKINode Title="GetById method" Url="html/15091f1b-e200-927a-c536-f42e029dc153.htm" />
  <HelpKINode Title="GetMetadataForProperty method" Url="html/4bc0301a-f7a1-72e3-3930-12854074b7de.htm" />
  <HelpKINode Title="GetModelString method" Url="html/1a45f241-4b6c-cd43-0f18-46f3893135ba.htm" />
  <HelpKINode Title="GetModelString method" Url="html/e0fd9a30-ba2e-f8c6-4d21-1166b5eb5605.htm" />
  <HelpKINode Title="GetNumberOfUsersOnline method" Url="html/0a11b80b-b8f2-246b-a71d-508acd165645.htm" />
  <HelpKINode Title="GetNumberOfUsersOnline method" Url="html/5af1af81-efa6-57bf-dd3b-9d47ed872fc9.htm" />
  <HelpKINode Title="GetPassword method" Url="html/b72c8190-04a6-09bc-3bee-089e28c90a6f.htm" />
  <HelpKINode Title="GetRole method" Url="html/4236cf0a-6d63-c707-f596-393b23780b44.htm" />
  <HelpKINode Title="GetRoleNames method" Url="html/81280f46-bf2a-5217-37f5-ce41ce65acad.htm" />
  <HelpKINode Title="GetRolesForUser method" Url="html/20ebb057-be5f-6b8a-a6c4-382b0e4888c4.htm" />
  <HelpKINode Title="GetUser method" Url="html/467df38f-5363-63c9-7fb5-e172db9f7353.htm" />
  <HelpKINode Title="GetUser method" Url="html/5a7b30cc-a3ae-2b8b-7bb9-d01375ec944d.htm" />
  <HelpKINode Title="GetUserNameByEmail method" Url="html/70588783-017c-a793-1f19-f2a07e00d0fe.htm" />
  <HelpKINode Title="GetUserNameByEmail method" Url="html/f8109455-178c-37a1-469f-1d56b2ec9544.htm" />
  <HelpKINode Title="GetUsersInRole method" Url="html/7724a1b1-4a9b-aa40-15cf-a76e162614a2.htm" />
  <HelpKINode Title="GetValidationString method" Url="html/4337c271-8529-1170-f73e-3b1e1620f8d0.htm" />
  <HelpKINode Title="GetValidationString method" Url="html/49127119-472c-27b3-15b2-d5f4eb3d788f.htm" />
  <HelpKINode Title="GetValidators method" Url="html/66aaf16b-2fb0-6b36-ef28-b0077ee2e44b.htm" />
  <HelpKINode Title="GetVaryByCustomString method" Url="html/bbbe7b5a-67a6-b19d-999d-434aed307d56.htm" />
  <HelpKINode Title="Griffin.MvcContrib.Caching namespace" Url="html/0c25edeb-7e33-a5c8-1197-b8f61c8e4302.htm" />
  <HelpKINode Title="Griffin.MvcContrib.Caching.NoCacheAttribute class" Url="html/167227b2-6aed-e352-f6f2-535d1ca2ff29.htm" />
  <HelpKINode Title="Griffin.MvcContrib.Caching.NoCacheAttribute class" Url="html/c1367d36-9383-cf15-2a87-487aced8ee3a.htm" />
  <HelpKINode Title="Griffin.MvcContrib.Json namespace" Url="html/7224942e-558f-5cd1-3a14-7db00aba347f.htm" />
  <HelpKINode Title="Griffin.MvcContrib.Json.AllowCrossSiteJsonAttribute class" Url="html/c258e236-2fd5-2dd5-e466-29c9131ab304.htm" />
  <HelpKINode Title="Griffin.MvcContrib.Json.AllowCrossSiteJsonAttribute class" Url="html/c31aec11-8ffb-b2e6-3f50-529fccc0e93c.htm" />
  <HelpKINode Title="Griffin.MvcContrib.Json.ControllerExtensions class" Url="html/73771533-6701-eddc-9288-e27e63cff374.htm" />
  <HelpKINode Title="Griffin.MvcContrib.Json.ControllerExtensions class" Url="html/d9460bac-6cd8-7d26-e38d-0c5f45a68df3.htm" />
  <HelpKINode Title="Griffin.MvcContrib.Json.ErrorMessage class" Url="html/b126195b-6efd-c465-b394-2c64f7a3a8af.htm" />
  <HelpKINode Title="Griffin.MvcContrib.Json.ErrorMessage class" Url="html/bc29b3e2-95e4-15d4-f3dc-a343366afdb6.htm" />
  <HelpKINode Title="Griffin.MvcContrib.Json.IJsonResponseContent interface" Url="html/4fe323e6-42fb-5ddb-8428-792facdaaf8e.htm" />
  <HelpKINode Title="Griffin.MvcContrib.Json.JsonResponse class" Url="html/0851ae42-3843-c6da-b6ab-f7aff6f8b5e9.htm" />
  <HelpKINode Title="Griffin.MvcContrib.Json.JsonResponse class" Url="html/4531346b-2d39-8d80-b947-b4a94303ad4c.htm" />
  <HelpKINode Title="Griffin.MvcContrib.Json.MessageBox class" Url="html/6579cf64-c30a-213f-ebd6-3623bb20a647.htm" />
  <HelpKINode Title="Griffin.MvcContrib.Json.MessageBox class" Url="html/ada2642e-5378-67a6-d375-11968dc511ae.htm" />
  <HelpKINode Title="Griffin.MvcContrib.Localization namespace" Url="html/8a8cda17-e3da-0b27-9d88-f26315174fdf.htm" />
  <HelpKINode Title="Griffin.MvcContrib.Localization.ILocalizedStringProvider interface" Url="html/37ed280d-6214-def7-86eb-ac0965b60c3e.htm" />
  <HelpKINode Title="Griffin.MvcContrib.Localization.ILocalizedStringProvider interface" Url="html/9be6f024-fbc5-e991-ee05-9f13bd2dcf3a.htm" />
  <HelpKINode Title="Griffin.MvcContrib.Localization.LocalizedAttribute class" Url="html/131d3c98-08e4-fa93-c846-9bd29d4d6cfb.htm" />
  <HelpKINode Title="Griffin.MvcContrib.Localization.LocalizedAttribute class" Url="html/24db3300-f784-a2c9-e518-119ac705f76a.htm" />
  <HelpKINode Title="Griffin.MvcContrib.Localization.LocalizedCacheAttribute class" Url="html/2a087dbf-16e3-582a-7bc9-66c02437cd3e.htm" />
  <HelpKINode Title="Griffin.MvcContrib.Localization.LocalizedCacheAttribute class" Url="html/3772007b-4361-c4f1-6046-af8de4b43eec.htm" />
  <HelpKINode Title="Griffin.MvcContrib.Localization.LocalizedModelMetadataProvider class" Url="html/e59e3854-94f8-fb42-8dba-bc2e24cc8366.htm" />
  <HelpKINode Title="Griffin.MvcContrib.Localization.LocalizedModelMetadataProvider class" Url="html/f6d11e87-12e1-385c-5038-f74ae6eb156c.htm" />
  <HelpKINode Title="Griffin.MvcContrib.Localization.LocalizedModelValidatorProvider class" Url="html/0ed26efd-3205-a8a4-6c98-d90c0197bcb4.htm" />
  <HelpKINode Title="Griffin.MvcContrib.Localization.LocalizedModelValidatorProvider class" Url="html/7eae7820-85a5-210b-faa6-0205daecb9c8.htm" />
  <HelpKINode Title="Griffin.MvcContrib.Localization.ResourceStringProvider class" Url="html/d469df14-ea7d-0317-19e6-885df89137a5.htm" />
  <HelpKINode Title="Griffin.MvcContrib.Localization.ResourceStringProvider class" Url="html/e538cf1f-08cc-5469-bcf9-1e223472c8c7.htm" />
  <HelpKINode Title="Griffin.MvcContrib.Providers namespace" Url="html/ca8696c0-e9a7-4af3-45ce-5b2245f3ef01.htm" />
  <HelpKINode Title="Griffin.MvcContrib.Providers.IServiceLocator interface" Url="html/303d523c-5c9a-62ec-fb06-8971b3d24b06.htm" />
  <HelpKINode Title="Griffin.MvcContrib.Providers.IServiceLocator interface" Url="html/f1952116-636e-92f6-63e7-d2abe251c129.htm" />
  <HelpKINode Title="Griffin.MvcContrib.Providers.Membership namespace" Url="html/1e87b7a2-74a7-737e-8bb3-4d808c9f0bb0.htm" />
  <HelpKINode Title="Griffin.MvcContrib.Providers.Membership.AccountPasswordInfo class" Url="html/0cc081f9-79e7-ceae-abd3-e6b93700970b.htm" />
  <HelpKINode Title="Griffin.MvcContrib.Providers.Membership.AccountPasswordInfo class" Url="html/eb36fac6-f752-5940-65d4-1b5941288e58.htm" />
  <HelpKINode Title="Griffin.MvcContrib.Providers.Membership.IAccountRepository interface" Url="html/91a24a6a-311c-738a-15d1-e7502cf368fc.htm" />
  <HelpKINode Title="Griffin.MvcContrib.Providers.Membership.IAccountRepository interface" Url="html/f1084a45-eb30-ca68-f915-54fc8e3171e7.htm" />
  <HelpKINode Title="Griffin.MvcContrib.Providers.Membership.IPasswordPolicy interface" Url="html/3ea32969-17f1-43f4-fa77-4083597c55b2.htm" />
  <HelpKINode Title="Griffin.MvcContrib.Providers.Membership.IPasswordPolicy interface" Url="html/f1df5e32-fbc7-7b78-09a7-b7df652bc8b9.htm" />
  <HelpKINode Title="Griffin.MvcContrib.Providers.Membership.IPasswordStrategy interface" Url="html/7c9223f0-a304-0439-567b-d601b21abda7.htm" />
  <HelpKINode Title="Griffin.MvcContrib.Providers.Membership.IPasswordStrategy interface" Url="html/fdc525a2-10b0-d582-ac5c-598e9c24ba11.htm" />
  <HelpKINode Title="Griffin.MvcContrib.Providers.Membership.IUserAccount interface" Url="html/31420baf-9ff5-0401-a622-2bdccba82765.htm" />
  <HelpKINode Title="Griffin.MvcContrib.Providers.Membership.IUserAccount interface" Url="html/b8463c98-430d-ff1a-ff78-fa22885d0f02.htm" />
  <HelpKINode Title="Griffin.MvcContrib.Providers.Membership.MembershipProvider class" Url="html/25158379-8752-5fe6-555b-e1d3367abe9a.htm" />
  <HelpKINode Title="Griffin.MvcContrib.Providers.Membership.MembershipProvider class" Url="html/75cbda64-4d96-15a0-5a27-e5abbfe15405.htm" />
  <HelpKINode Title="Griffin.MvcContrib.Providers.Membership.PasswordExtensions class" Url="html/815c07cb-d89c-430d-fbdb-af7c22c6bc5e.htm" />
  <HelpKINode Title="Griffin.MvcContrib.Providers.Membership.PasswordExtensions class" Url="html/865eb23e-0ad9-efc5-921a-e2734f1f6742.htm" />
  <HelpKINode Title="Griffin.MvcContrib.Providers.Membership.PasswordPolicy class" Url="html/13a6e97e-b454-b47e-09af-f8a9c05f213a.htm" />
  <HelpKINode Title="Griffin.MvcContrib.Providers.Membership.PasswordPolicy class" Url="html/43786302-a997-36c5-e53c-0f05186cdccb.htm" />
  <HelpKINode Title="Griffin.MvcContrib.Providers.Membership.PasswordStrategies namespace" Url="html/137ac1df-5e34-fcb4-e738-abffc5a9f4d9.htm" />
  <HelpKINode Title="Griffin.MvcContrib.Providers.Membership.PasswordStrategies.ClearTextStrategy class" Url="html/16cfcc06-cb17-b0a4-11c5-d00bd2c5f1f9.htm" />
  <HelpKINode Title="Griffin.MvcContrib.Providers.Membership.PasswordStrategies.ClearTextStrategy class" Url="html/f7385bb1-5b73-a284-8c6d-519aee46bb19.htm" />
  <HelpKINode Title="Griffin.MvcContrib.Providers.Membership.PasswordStrategies.HashPasswordStrategy class" Url="html/19d377c5-847d-b849-9a22-6aec3b36f148.htm" />
  <HelpKINode Title="Griffin.MvcContrib.Providers.Membership.PasswordStrategies.HashPasswordStrategy class" Url="html/e4c5a6a8-127a-d116-e416-03c353bda0e3.htm" />
  <HelpKINode Title="Griffin.MvcContrib.Providers.Membership.PasswordStrategies.PasswordPolicyExtensions class" Url="html/01f88f5d-b8a7-0c8f-1339-f9d803e7d2e7.htm" />
  <HelpKINode Title="Griffin.MvcContrib.Providers.Membership.PasswordStrategies.PasswordPolicyExtensions class" Url="html/5f3edc35-fbd6-4791-aea0-6fc46b47892b.htm" />
  <HelpKINode Title="Griffin.MvcContrib.Providers.Membership.PasswordStrategies.TripleDesStrategy class" Url="html/9cb0c097-9be9-c80e-b3f9-655756eb6b1d.htm" />
  <HelpKINode Title="Griffin.MvcContrib.Providers.Membership.PasswordStrategies.TripleDesStrategy class" Url="html/ec281ac8-6c5e-0986-5c8c-d58e5ed15f04.htm" />
  <HelpKINode Title="Griffin.MvcContrib.Providers.Roles namespace" Url="html/fe548dce-19ec-6e75-4756-35e2f725823b.htm" />
  <HelpKINode Title="Griffin.MvcContrib.Providers.Roles.IRole interface" Url="html/70947f90-dbfe-fd47-b734-c522d730105a.htm" />
  <HelpKINode Title="Griffin.MvcContrib.Providers.Roles.IRole interface" Url="html/9532f1a4-3bdc-e82b-73d0-c5e92842f19d.htm" />
  <HelpKINode Title="Griffin.MvcContrib.Providers.Roles.IRoleRepository interface" Url="html/4582d4da-91bb-f4ec-b42c-76e3d8a2e619.htm" />
  <HelpKINode Title="Griffin.MvcContrib.Providers.Roles.IRoleRepository interface" Url="html/ca1ee800-5e34-c971-34c6-4c971b77ef09.htm" />
  <HelpKINode Title="Griffin.MvcContrib.Providers.Roles.IUserWithRoles interface" Url="html/9e6eac7e-ebb1-0601-2151-397a322ecd4b.htm" />
  <HelpKINode Title="Griffin.MvcContrib.Providers.Roles.IUserWithRoles interface" Url="html/df38b92d-d27b-2237-03bf-05e1c37b79bc.htm" />
  <HelpKINode Title="Griffin.MvcContrib.Providers.Roles.RoleProvider class" Url="html/682cf803-4b24-8895-9886-fdb0e706d0c2.htm" />
  <HelpKINode Title="Griffin.MvcContrib.Providers.Roles.RoleProvider class" Url="html/a5ab7a27-2f28-b674-aaff-107f6a77a480.htm" />
  <HelpKINode Title="HashPasswordStrategy class" Url="html/19d377c5-847d-b849-9a22-6aec3b36f148.htm" />
  <HelpKINode Title="HashPasswordStrategy class" Url="html/e4c5a6a8-127a-d116-e416-03c353bda0e3.htm" />
  <HelpKINode Title="HashPasswordStrategy class">
    <HelpKINode Title="about HashPasswordStrategy class" Url="html/19d377c5-847d-b849-9a22-6aec3b36f148.htm" />
    <HelpKINode Title="all members" Url="html/e4c5a6a8-127a-d116-e416-03c353bda0e3.htm" />
    <HelpKINode Title="constructor" Url="html/0ec1eb70-0cd5-ee32-3947-f6cd1bd6bd21.htm" />
    <HelpKINode Title="methods" Url="html/3f8c6b2a-4039-5323-b92b-abb17440afbf.htm" />
    <HelpKINode Title="properties" Url="html/8dc94ddd-745f-3699-ea28-497bdbd23f41.htm" />
  </HelpKINode>
  <HelpKINode Title="HashPasswordStrategy.Compare method" Url="html/29cfc4fb-8f4e-9e25-e0a7-2d7aef2858d3.htm" />
  <HelpKINode Title="HashPasswordStrategy.CreateSalt method" Url="html/af08d96c-af05-e7e0-1b31-5502793e394f.htm" />
  <HelpKINode Title="HashPasswordStrategy.Decrypt method" Url="html/741be4fd-aa59-227c-21db-9b3697bc36c5.htm" />
  <HelpKINode Title="HashPasswordStrategy.Encrypt method" Url="html/b174479a-3ee4-3f70-5d55-43954e59c9e9.htm" />
  <HelpKINode Title="HashPasswordStrategy.GeneratePassword method" Url="html/a93c5938-108a-eba9-4866-f50c8ff7a691.htm" />
  <HelpKINode Title="HashPasswordStrategy.HashPasswordStrategy constructor" Url="html/0ec1eb70-0cd5-ee32-3947-f6cd1bd6bd21.htm" />
  <HelpKINode Title="HashPasswordStrategy.IsPasswordsDecryptable property" Url="html/7c455a5e-af9a-4e66-b24e-1d4bf0ff579d.htm" />
  <HelpKINode Title="HashPasswordStrategy.IsValid method" Url="html/a5c6948a-22e5-0d6b-5429-fb53965fcf04.htm" />
  <HelpKINode Title="HashPasswordStrategy.PasswordFormat property" Url="html/b3aa332d-0f91-2846-5b26-a84993f721f1.htm" />
  <HelpKINode Title="IAccountRepository interface" Url="html/91a24a6a-311c-738a-15d1-e7502cf368fc.htm" />
  <HelpKINode Title="IAccountRepository interface" Url="html/f1084a45-eb30-ca68-f915-54fc8e3171e7.htm" />
  <HelpKINode Title="IAccountRepository interface">
    <HelpKINode Title="about IAccountRepository interface" Url="html/91a24a6a-311c-738a-15d1-e7502cf368fc.htm" />
    <HelpKINode Title="all members" Url="html/f1084a45-eb30-ca68-f915-54fc8e3171e7.htm" />
    <HelpKINode Title="methods" Url="html/d41efe54-d035-8857-fcfd-c03b7a045a3f.htm" />
    <HelpKINode Title="properties" Url="html/f7e8bea6-491e-ae13-a6cb-05f20202d053.htm" />
  </HelpKINode>
  <HelpKINode Title="IAccountRepository.Create method" Url="html/bf7359aa-1576-3d05-cfac-ffa54b82fae7.htm" />
  <HelpKINode Title="IAccountRepository.Delete method" Url="html/d3ecc5b2-a76f-768e-2b17-7b0197bf9bed.htm" />
  <HelpKINode Title="IAccountRepository.FindAll method" Url="html/f3b27d98-64ee-ad41-760e-64e13aebb2a6.htm" />
  <HelpKINode Title="IAccountRepository.FindByEmail method" Url="html/0851a6e5-cb49-a2b2-d62f-cf97cc102b06.htm" />
  <HelpKINode Title="IAccountRepository.FindByUserName method" Url="html/2f5d3ef9-2426-711e-83d4-51c16b9a638a.htm" />
  <HelpKINode Title="IAccountRepository.Get method" Url="html/cadc88dc-399c-cbd0-acb6-9f7a85347c7e.htm" />
  <HelpKINode Title="IAccountRepository.GetById method" Url="html/15091f1b-e200-927a-c536-f42e029dc153.htm" />
  <HelpKINode Title="IAccountRepository.GetNumberOfUsersOnline method" Url="html/0a11b80b-b8f2-246b-a71d-508acd165645.htm" />
  <HelpKINode Title="IAccountRepository.GetUserNameByEmail method" Url="html/f8109455-178c-37a1-469f-1d56b2ec9544.htm" />
  <HelpKINode Title="IAccountRepository.IsUniqueEmailRequired property" Url="html/5361d983-1729-ad52-a7fe-3929a4258cb2.htm" />
  <HelpKINode Title="IAccountRepository.Register method" Url="html/9ec3376f-225a-d2eb-6140-f6195f2056e5.htm" />
  <HelpKINode Title="IAccountRepository.Update method" Url="html/d434a4bc-c71a-cf01-cdde-5b78740f0bae.htm" />
  <HelpKINode Title="Id property" Url="html/551b5f16-8ad8-50cb-1a74-41c85baf592d.htm" />
  <HelpKINode Title="IJsonResponseContent interface" Url="html/4fe323e6-42fb-5ddb-8428-792facdaaf8e.htm" />
  <HelpKINode Title="IJsonResponseContent interface">
    <HelpKINode Title="about IJsonResponseContent interface" Url="html/4fe323e6-42fb-5ddb-8428-792facdaaf8e.htm" />
  </HelpKINode>
  <HelpKINode Title="ILocalizedStringProvider interface" Url="html/37ed280d-6214-def7-86eb-ac0965b60c3e.htm" />
  <HelpKINode Title="ILocalizedStringProvider interface" Url="html/9be6f024-fbc5-e991-ee05-9f13bd2dcf3a.htm" />
  <HelpKINode Title="ILocalizedStringProvider interface">
    <HelpKINode Title="about ILocalizedStringProvider interface" Url="html/9be6f024-fbc5-e991-ee05-9f13bd2dcf3a.htm" />
    <HelpKINode Title="all members" Url="html/37ed280d-6214-def7-86eb-ac0965b60c3e.htm" />
    <HelpKINode Title="methods" Url="html/618f12e5-bd81-e783-85fd-f83b215189be.htm" />
  </HelpKINode>
  <HelpKINode Title="ILocalizedStringProvider.GetModelString method" Url="html/e0fd9a30-ba2e-f8c6-4d21-1166b5eb5605.htm" />
  <HelpKINode Title="ILocalizedStringProvider.GetValidationString method" Url="html/49127119-472c-27b3-15b2-d5f4eb3d788f.htm" />
  <HelpKINode Title="Initialize method" Url="html/22a7054d-bc99-afff-c47f-d87c74b10921.htm" />
  <HelpKINode Title="IPasswordPolicy interface" Url="html/3ea32969-17f1-43f4-fa77-4083597c55b2.htm" />
  <HelpKINode Title="IPasswordPolicy interface" Url="html/f1df5e32-fbc7-7b78-09a7-b7df652bc8b9.htm" />
  <HelpKINode Title="IPasswordPolicy interface">
    <HelpKINode Title="about IPasswordPolicy interface" Url="html/3ea32969-17f1-43f4-fa77-4083597c55b2.htm" />
    <HelpKINode Title="all members" Url="html/f1df5e32-fbc7-7b78-09a7-b7df652bc8b9.htm" />
    <HelpKINode Title="methods" Url="html/70e43a3f-7203-7686-af7c-9fb1328ac5d3.htm" />
    <HelpKINode Title="properties" Url="html/897f83bf-6de8-df98-1a20-2daaaac552cd.htm" />
  </HelpKINode>
  <HelpKINode Title="IPasswordPolicy.IsPasswordQuestionRequired property" Url="html/45fce7ce-7465-819c-8fc9-fa73242a628d.htm" />
  <HelpKINode Title="IPasswordPolicy.IsPasswordResetEnabled property" Url="html/a581ba88-a28e-c2d3-684d-4d3771e1fe15.htm" />
  <HelpKINode Title="IPasswordPolicy.IsPasswordRetrievalEnabled property" Url="html/091f04d0-14e7-4090-f8f9-a76eaf8efd1c.htm" />
  <HelpKINode Title="IPasswordPolicy.MaxInvalidPasswordAttempts property" Url="html/2c3ca740-b64c-a52f-4fe0-3723770ccdeb.htm" />
  <HelpKINode Title="IPasswordPolicy.MinRequiredNonAlphanumericCharacters property" Url="html/700e3d42-6ffb-3cb7-6405-13772d4764b3.htm" />
  <HelpKINode Title="IPasswordPolicy.PasswordAttemptWindow property" Url="html/0977fcaf-c914-5862-620d-a96a19215ae2.htm" />
  <HelpKINode Title="IPasswordPolicy.PasswordMinimumLength property" Url="html/c955f341-a4df-704c-7212-033d62b08376.htm" />
  <HelpKINode Title="IPasswordPolicy.PasswordStrengthRegularExpression property" Url="html/efc1dee5-6680-11a2-f247-c3185d8a5cab.htm" />
  <HelpKINode Title="IPasswordStrategy interface" Url="html/7c9223f0-a304-0439-567b-d601b21abda7.htm" />
  <HelpKINode Title="IPasswordStrategy interface" Url="html/fdc525a2-10b0-d582-ac5c-598e9c24ba11.htm" />
  <HelpKINode Title="IPasswordStrategy interface">
    <HelpKINode Title="about IPasswordStrategy interface" Url="html/fdc525a2-10b0-d582-ac5c-598e9c24ba11.htm" />
    <HelpKINode Title="all members" Url="html/7c9223f0-a304-0439-567b-d601b21abda7.htm" />
    <HelpKINode Title="methods" Url="html/501af38b-1ec2-0f21-2b9c-8baed4ef2567.htm" />
    <HelpKINode Title="properties" Url="html/e98058be-c000-7003-04a1-cbfceaefff84.htm" />
  </HelpKINode>
  <HelpKINode Title="IPasswordStrategy.Compare method" Url="html/ab56713d-8923-178d-c303-cff19e6dca9b.htm" />
  <HelpKINode Title="IPasswordStrategy.Decrypt method" Url="html/ee041df0-87e4-320f-3e9a-44e8ed4830e9.htm" />
  <HelpKINode Title="IPasswordStrategy.Encrypt method" Url="html/e8cc6050-6628-0a76-6a01-57a18c489e0a.htm" />
  <HelpKINode Title="IPasswordStrategy.GeneratePassword method" Url="html/f7a77b4b-1c59-4162-573b-9b48230ba04a.htm" />
  <HelpKINode Title="IPasswordStrategy.IsPasswordsDecryptable property" Url="html/897eabe6-8308-8412-7877-fa658d661620.htm" />
  <HelpKINode Title="IPasswordStrategy.IsValid method" Url="html/238b8f22-05a9-b84e-c132-7529389cbb5c.htm" />
  <HelpKINode Title="IPasswordStrategy.PasswordFormat property" Url="html/4643e845-f5d5-d3f5-c193-36eaf5f1a32b.htm" />
  <HelpKINode Title="IRole interface" Url="html/70947f90-dbfe-fd47-b734-c522d730105a.htm" />
  <HelpKINode Title="IRole interface" Url="html/9532f1a4-3bdc-e82b-73d0-c5e92842f19d.htm" />
  <HelpKINode Title="IRole interface">
    <HelpKINode Title="about IRole interface" Url="html/70947f90-dbfe-fd47-b734-c522d730105a.htm" />
    <HelpKINode Title="all members" Url="html/9532f1a4-3bdc-e82b-73d0-c5e92842f19d.htm" />
    <HelpKINode Title="properties" Url="html/020a2610-e7ae-c775-4682-dbb8b22c21d4.htm" />
  </HelpKINode>
  <HelpKINode Title="IRole.Count property" Url="html/d5dfc7fa-6bff-3e12-6f75-bc122a21ac0f.htm" />
  <HelpKINode Title="IRole.Name property" Url="html/cabeb3b5-63e3-4f94-a1a3-a1695fe7140e.htm" />
  <HelpKINode Title="IRole.Users property" Url="html/7ee692ca-f28c-5653-c05a-3b87b882dc2f.htm" />
  <HelpKINode Title="IRoleRepository interface" Url="html/4582d4da-91bb-f4ec-b42c-76e3d8a2e619.htm" />
  <HelpKINode Title="IRoleRepository interface" Url="html/ca1ee800-5e34-c971-34c6-4c971b77ef09.htm" />
  <HelpKINode Title="IRoleRepository interface">
    <HelpKINode Title="about IRoleRepository interface" Url="html/4582d4da-91bb-f4ec-b42c-76e3d8a2e619.htm" />
    <HelpKINode Title="all members" Url="html/ca1ee800-5e34-c971-34c6-4c971b77ef09.htm" />
    <HelpKINode Title="methods" Url="html/c7962ec2-40db-49f5-5c2b-6c509de1bd45.htm" />
  </HelpKINode>
  <HelpKINode Title="IRoleRepository.AddUserToRole method" Url="html/9d3ef959-68cc-fc2f-78df-7469773f46e9.htm" />
  <HelpKINode Title="IRoleRepository.CreateRole method" Url="html/1fedae1f-a3e5-c794-c6b0-dd3749e1a050.htm" />
  <HelpKINode Title="IRoleRepository.Exists method" Url="html/8077277b-d6be-a351-2e4c-86a0d1cf3375.htm" />
  <HelpKINode Title="IRoleRepository.GetRole method" Url="html/4236cf0a-6d63-c707-f596-393b23780b44.htm" />
  <HelpKINode Title="IRoleRepository.GetRoleNames method" Url="html/81280f46-bf2a-5217-37f5-ce41ce65acad.htm" />
  <HelpKINode Title="IRoleRepository.GetUser method" Url="html/5a7b30cc-a3ae-2b8b-7bb9-d01375ec944d.htm" />
  <HelpKINode Title="IRoleRepository.RemoveRole method" Url="html/2887834f-fb7d-c52b-cf7b-5e1b7382c233.htm" />
  <HelpKINode Title="IRoleRepository.RemoveUserFromRole method" Url="html/bcc998ad-4fd8-da26-79f5-64f9236af638.htm" />
  <HelpKINode Title="IsApproved property" Url="html/ecbe1766-37db-e666-4a9a-5b13fab47719.htm" />
  <HelpKINode Title="IServiceLocator interface" Url="html/303d523c-5c9a-62ec-fb06-8971b3d24b06.htm" />
  <HelpKINode Title="IServiceLocator interface" Url="html/f1952116-636e-92f6-63e7-d2abe251c129.htm" />
  <HelpKINode Title="IServiceLocator interface">
    <HelpKINode Title="about IServiceLocator interface" Url="html/303d523c-5c9a-62ec-fb06-8971b3d24b06.htm" />
    <HelpKINode Title="all members" Url="html/f1952116-636e-92f6-63e7-d2abe251c129.htm" />
    <HelpKINode Title="methods" Url="html/09604f06-8225-e135-1e94-58f348f9a2ce.htm" />
  </HelpKINode>
  <HelpKINode Title="IServiceLocator.Get(Of T) method" Url="html/03248b38-41de-6153-8f40-cf8c7811d049.htm" />
  <HelpKINode Title="IServiceLocator.Get&lt;T&gt; method" Url="html/03248b38-41de-6153-8f40-cf8c7811d049.htm" />
  <HelpKINode Title="IsInRole method" Url="html/9cb7e13d-1d1b-c7db-320a-2bc022d94fe7.htm" />
  <HelpKINode Title="IsLockedOut property" Url="html/8d862711-75e7-1f51-0974-7e04f607c755.htm" />
  <HelpKINode Title="IsOnline property" Url="html/6a5709c8-db10-678b-e194-b4338ab02795.htm" />
  <HelpKINode Title="IsPasswordQuestionRequired property" Url="html/45fce7ce-7465-819c-8fc9-fa73242a628d.htm" />
  <HelpKINode Title="IsPasswordQuestionRequired property" Url="html/59a150fc-93a4-feff-9df1-17722db6d53d.htm" />
  <HelpKINode Title="IsPasswordResetEnabled property" Url="html/5290a46c-2280-cf0d-2f0f-cca5959e1b3a.htm" />
  <HelpKINode Title="IsPasswordResetEnabled property" Url="html/a581ba88-a28e-c2d3-684d-4d3771e1fe15.htm" />
  <HelpKINode Title="IsPasswordRetrievalEnabled property" Url="html/091f04d0-14e7-4090-f8f9-a76eaf8efd1c.htm" />
  <HelpKINode Title="IsPasswordRetrievalEnabled property" Url="html/66b86734-d0a8-f585-37d1-e08eb08d93ad.htm" />
  <HelpKINode Title="IsPasswordsDecryptable property" Url="html/2dff34f1-960d-7a9d-48ed-fcf2fddb8517.htm" />
  <HelpKINode Title="IsPasswordsDecryptable property" Url="html/7c455a5e-af9a-4e66-b24e-1d4bf0ff579d.htm" />
  <HelpKINode Title="IsPasswordsDecryptable property" Url="html/81a2ca6e-36bd-76c5-f96d-baca6c2f3b6e.htm" />
  <HelpKINode Title="IsPasswordsDecryptable property" Url="html/897eabe6-8308-8412-7877-fa658d661620.htm" />
  <HelpKINode Title="IsPasswordValid method" Url="html/bdacfc2e-1f90-b68f-1520-571a02cb42aa.htm" />
  <HelpKINode Title="IsUniqueEmailRequired property" Url="html/5361d983-1729-ad52-a7fe-3929a4258cb2.htm" />
  <HelpKINode Title="IsUserInRole method" Url="html/9643b5a6-9bfc-3efa-3aec-0ee2ab8da9f8.htm" />
  <HelpKINode Title="IsValid method" Url="html/238b8f22-05a9-b84e-c132-7529389cbb5c.htm" />
  <HelpKINode Title="IsValid method" Url="html/a5c6948a-22e5-0d6b-5429-fb53965fcf04.htm" />
  <HelpKINode Title="IsValid method" Url="html/e4ecad8a-221f-47ad-f0f0-1c4f811263f3.htm" />
  <HelpKINode Title="IsValid method" Url="html/ed75abd8-146b-1617-d0cd-56178808786a.htm" />
  <HelpKINode Title="IUserAccount interface" Url="html/31420baf-9ff5-0401-a622-2bdccba82765.htm" />
  <HelpKINode Title="IUserAccount interface" Url="html/b8463c98-430d-ff1a-ff78-fa22885d0f02.htm" />
  <HelpKINode Title="IUserAccount interface">
    <HelpKINode Title="about IUserAccount interface" Url="html/31420baf-9ff5-0401-a622-2bdccba82765.htm" />
    <HelpKINode Title="all members" Url="html/b8463c98-430d-ff1a-ff78-fa22885d0f02.htm" />
    <HelpKINode Title="methods" Url="html/95009ad3-1c32-ce47-1a11-fe28da75b5c5.htm" />
    <HelpKINode Title="properties" Url="html/3cc50733-899b-2f14-3145-6cf16f3f003e.htm" />
  </HelpKINode>
  <HelpKINode Title="IUserAccount.ApplicationName property" Url="html/cffc028e-e6a6-2ac7-1330-7ff8b284b3de.htm" />
  <HelpKINode Title="IUserAccount.Comment property" Url="html/39efda03-47c7-e4f6-4977-a485386c1c3b.htm" />
  <HelpKINode Title="IUserAccount.CreatedAt property" Url="html/5cc076f9-31b3-877b-0802-cefea4300e20.htm" />
  <HelpKINode Title="IUserAccount.Email property" Url="html/7ee42ddf-8f77-dc4d-1c70-87fc96702724.htm" />
  <HelpKINode Title="IUserAccount.FailedPasswordAnswerWindowAttemptCount property" Url="html/2d321ab2-185e-0c7a-6098-318253daf697.htm" />
  <HelpKINode Title="IUserAccount.FailedPasswordAnswerWindowStartedAt property" Url="html/33e95a64-766e-0c35-cb60-d2f1ad31c396.htm" />
  <HelpKINode Title="IUserAccount.FailedPasswordWindowAttemptCount property" Url="html/3dc5a2ad-14b2-694b-bcac-3389d99723c4.htm" />
  <HelpKINode Title="IUserAccount.FailedPasswordWindowStartedAt property" Url="html/4699f3b4-c742-ed7b-ebaf-239df90496cd.htm" />
  <HelpKINode Title="IUserAccount.Id property" Url="html/551b5f16-8ad8-50cb-1a74-41c85baf592d.htm" />
  <HelpKINode Title="IUserAccount.IsApproved property" Url="html/ecbe1766-37db-e666-4a9a-5b13fab47719.htm" />
  <HelpKINode Title="IUserAccount.IsLockedOut property" Url="html/8d862711-75e7-1f51-0974-7e04f607c755.htm" />
  <HelpKINode Title="IUserAccount.IsOnline property" Url="html/6a5709c8-db10-678b-e194-b4338ab02795.htm" />
  <HelpKINode Title="IUserAccount.LastActivityAt property" Url="html/46b69cc9-1170-3cd5-6d27-5e5523833f27.htm" />
  <HelpKINode Title="IUserAccount.LastLockedOutAt property" Url="html/c6b18b4f-4edb-87d0-3e3a-7da331585a35.htm" />
  <HelpKINode Title="IUserAccount.LastLoginAt property" Url="html/c04727de-f59a-29a1-c137-9cefa4126c99.htm" />
  <HelpKINode Title="IUserAccount.LastPasswordChangeAt property" Url="html/202aacc7-cc21-150c-c44b-0177fe4f5f27.htm" />
  <HelpKINode Title="IUserAccount.Password property" Url="html/a542c79d-64a4-975a-a0e9-2f19081bf1e7.htm" />
  <HelpKINode Title="IUserAccount.PasswordAnswer property" Url="html/d3ba779d-36c2-4e5a-cb3c-9c235ddc8c1b.htm" />
  <HelpKINode Title="IUserAccount.PasswordQuestion property" Url="html/be1da4aa-97a2-c729-b3cb-11dec2a649f4.htm" />
  <HelpKINode Title="IUserAccount.PasswordSalt property" Url="html/493169ae-8af6-df81-123f-c2f2c6b7d0f9.htm" />
  <HelpKINode Title="IUserAccount.UserName property" Url="html/e350d928-74f5-21fe-850d-1f2966bdf402.htm" />
  <HelpKINode Title="IUserWithRoles interface" Url="html/9e6eac7e-ebb1-0601-2151-397a322ecd4b.htm" />
  <HelpKINode Title="IUserWithRoles interface" Url="html/df38b92d-d27b-2237-03bf-05e1c37b79bc.htm" />
  <HelpKINode Title="IUserWithRoles interface">
    <HelpKINode Title="about IUserWithRoles interface" Url="html/df38b92d-d27b-2237-03bf-05e1c37b79bc.htm" />
    <HelpKINode Title="all members" Url="html/9e6eac7e-ebb1-0601-2151-397a322ecd4b.htm" />
    <HelpKINode Title="methods" Url="html/01311f1e-7628-85fc-5fe6-129c702e4502.htm" />
    <HelpKINode Title="properties" Url="html/aefcd70d-9577-57f2-b362-7f2eb277905f.htm" />
  </HelpKINode>
  <HelpKINode Title="IUserWithRoles.IsInRole method" Url="html/9cb7e13d-1d1b-c7db-320a-2bc022d94fe7.htm" />
  <HelpKINode Title="IUserWithRoles.Roles property" Url="html/2f097886-beb4-63f1-80aa-b3423199f538.htm" />
  <HelpKINode Title="JsonResponse class" Url="html/0851ae42-3843-c6da-b6ab-f7aff6f8b5e9.htm" />
  <HelpKINode Title="JsonResponse class" Url="html/4531346b-2d39-8d80-b947-b4a94303ad4c.htm" />
  <HelpKINode Title="JsonResponse class">
    <HelpKINode Title="about JsonResponse class" Url="html/4531346b-2d39-8d80-b947-b4a94303ad4c.htm" />
    <HelpKINode Title="all members" Url="html/0851ae42-3843-c6da-b6ab-f7aff6f8b5e9.htm" />
    <HelpKINode Title="constructor" Url="html/c99f7bb6-f3d1-48ab-4d7e-eee9c161ee1d.htm" />
    <HelpKINode Title="methods" Url="html/d341638c-b77d-4273-df8a-a4aca286da62.htm" />
    <HelpKINode Title="properties" Url="html/40174083-da58-36a6-d86b-7db3afce19d1.htm" />
  </HelpKINode>
  <HelpKINode Title="JsonResponse method" Url="html/f7664ac8-4915-7f46-0acf-cc9c9a2e22d2.htm" />
  <HelpKINode Title="JsonResponse.Content property" Url="html/429d0ec7-b875-1669-1e1f-dfdf2425ad15.htm" />
  <HelpKINode Title="JsonResponse.ContentType property" Url="html/a0d9bdb3-8410-6833-26d2-17044b5a6132.htm" />
  <HelpKINode Title="JsonResponse.JsonResponse constructor" Url="html/c99f7bb6-f3d1-48ab-4d7e-eee9c161ee1d.htm" />
  <HelpKINode Title="LastActivityAt property" Url="html/46b69cc9-1170-3cd5-6d27-5e5523833f27.htm" />
  <HelpKINode Title="LastLockedOutAt property" Url="html/c6b18b4f-4edb-87d0-3e3a-7da331585a35.htm" />
  <HelpKINode Title="LastLoginAt property" Url="html/c04727de-f59a-29a1-c137-9cefa4126c99.htm" />
  <HelpKINode Title="LastPasswordChangeAt property" Url="html/202aacc7-cc21-150c-c44b-0177fe4f5f27.htm" />
  <HelpKINode Title="LocalizedAttribute class" Url="html/131d3c98-08e4-fa93-c846-9bd29d4d6cfb.htm" />
  <HelpKINode Title="LocalizedAttribute class" Url="html/24db3300-f784-a2c9-e518-119ac705f76a.htm" />
  <HelpKINode Title="LocalizedAttribute class">
    <HelpKINode Title="about LocalizedAttribute class" Url="html/131d3c98-08e4-fa93-c846-9bd29d4d6cfb.htm" />
    <HelpKINode Title="all members" Url="html/24db3300-f784-a2c9-e518-119ac705f76a.htm" />
    <HelpKINode Title="constructor" Url="html/ba9ee0f8-f00b-d8ed-e370-fca94cf2874b.htm" />
    <HelpKINode Title="methods" Url="html/84e9fce9-d549-fe0b-5a5f-8264e068ea31.htm" />
    <HelpKINode Title="properties" Url="html/d32bbd8c-47ea-e979-3761-872691d08ef2.htm" />
  </HelpKINode>
  <HelpKINode Title="LocalizedAttribute.LocalizedAttribute constructor" Url="html/ba9ee0f8-f00b-d8ed-e370-fca94cf2874b.htm" />
  <HelpKINode Title="LocalizedAttribute.OnActionExecuting method" Url="html/3c5857f7-f2db-be24-351c-a22f9ba3e0a3.htm" />
  <HelpKINode Title="LocalizedCacheAttribute class" Url="html/2a087dbf-16e3-582a-7bc9-66c02437cd3e.htm" />
  <HelpKINode Title="LocalizedCacheAttribute class" Url="html/3772007b-4361-c4f1-6046-af8de4b43eec.htm" />
  <HelpKINode Title="LocalizedCacheAttribute class">
    <HelpKINode Title="about LocalizedCacheAttribute class" Url="html/2a087dbf-16e3-582a-7bc9-66c02437cd3e.htm" />
    <HelpKINode Title="all members" Url="html/3772007b-4361-c4f1-6046-af8de4b43eec.htm" />
    <HelpKINode Title="constructor" Url="html/85f4b605-cff4-d511-d387-7180fb2a596a.htm" />
    <HelpKINode Title="methods" Url="html/563a8b26-6f4b-d9ee-8bc8-dc8c30a4ad7a.htm" />
    <HelpKINode Title="properties" Url="html/a75d47b6-fb26-3de6-2fe7-184fc0f40a61.htm" />
  </HelpKINode>
  <HelpKINode Title="LocalizedCacheAttribute.GetVaryByCustomString method" Url="html/bbbe7b5a-67a6-b19d-999d-434aed307d56.htm" />
  <HelpKINode Title="LocalizedCacheAttribute.LocalizedCacheAttribute constructor" Url="html/85f4b605-cff4-d511-d387-7180fb2a596a.htm" />
  <HelpKINode Title="LocalizedModelMetadataProvider class" Url="html/e59e3854-94f8-fb42-8dba-bc2e24cc8366.htm" />
  <HelpKINode Title="LocalizedModelMetadataProvider class" Url="html/f6d11e87-12e1-385c-5038-f74ae6eb156c.htm" />
  <HelpKINode Title="LocalizedModelMetadataProvider class">
    <HelpKINode Title="about LocalizedModelMetadataProvider class" Url="html/e59e3854-94f8-fb42-8dba-bc2e24cc8366.htm" />
    <HelpKINode Title="all members" Url="html/f6d11e87-12e1-385c-5038-f74ae6eb156c.htm" />
    <HelpKINode Title="constructor" Url="html/8a8aa27b-f21b-22f1-edd1-5184ec4b1c94.htm" />
    <HelpKINode Title="methods" Url="html/ee4109d6-1fe0-4327-a327-5ae9fbe4ac5b.htm" />
  </HelpKINode>
  <HelpKINode Title="LocalizedModelMetadataProvider.CreateMetadata method" Url="html/8b88b8c6-c921-ad49-df70-a61600000034.htm" />
  <HelpKINode Title="LocalizedModelMetadataProvider.GetMetadataForProperty method" Url="html/4bc0301a-f7a1-72e3-3930-12854074b7de.htm" />
  <HelpKINode Title="LocalizedModelMetadataProvider.LocalizedModelMetadataProvider constructor" Url="html/8a8aa27b-f21b-22f1-edd1-5184ec4b1c94.htm" />
  <HelpKINode Title="LocalizedModelMetadataProvider.Translate method" Url="html/3a2f7d8f-7d10-ed2b-ec4e-b585e13bb4c2.htm" />
  <HelpKINode Title="LocalizedModelValidatorProvider class" Url="html/0ed26efd-3205-a8a4-6c98-d90c0197bcb4.htm" />
  <HelpKINode Title="LocalizedModelValidatorProvider class" Url="html/7eae7820-85a5-210b-faa6-0205daecb9c8.htm" />
  <HelpKINode Title="LocalizedModelValidatorProvider class">
    <HelpKINode Title="about LocalizedModelValidatorProvider class" Url="html/7eae7820-85a5-210b-faa6-0205daecb9c8.htm" />
    <HelpKINode Title="all members" Url="html/0ed26efd-3205-a8a4-6c98-d90c0197bcb4.htm" />
    <HelpKINode Title="constructor" Url="html/b0c90159-64e8-174b-3ca6-68657f80bc9d.htm" />
    <HelpKINode Title="methods" Url="html/e14a5b0a-ffc8-4e9e-6c74-05f8b92e8904.htm" />
  </HelpKINode>
  <HelpKINode Title="LocalizedModelValidatorProvider.GetValidators method" Url="html/66aaf16b-2fb0-6b36-ef28-b0077ee2e44b.htm" />
  <HelpKINode Title="LocalizedModelValidatorProvider.LocalizedModelValidatorProvider constructor" Url="html/b0c90159-64e8-174b-3ca6-68657f80bc9d.htm" />
  <HelpKINode Title="MaxInvalidPasswordAttempts property" Url="html/2c3ca740-b64c-a52f-4fe0-3723770ccdeb.htm" />
  <HelpKINode Title="MaxInvalidPasswordAttempts property" Url="html/4124b00f-0c66-f9be-d3c6-47b86f52b6cb.htm" />
  <HelpKINode Title="MaxInvalidPasswordAttempts property" Url="html/d7e152e7-fad8-d32b-0d98-6d5c86e0e4f3.htm" />
  <HelpKINode Title="MembershipProvider class" Url="html/25158379-8752-5fe6-555b-e1d3367abe9a.htm" />
  <HelpKINode Title="MembershipProvider class" Url="html/75cbda64-4d96-15a0-5a27-e5abbfe15405.htm" />
  <HelpKINode Title="MembershipProvider class">
    <HelpKINode Title="about MembershipProvider class" Url="html/75cbda64-4d96-15a0-5a27-e5abbfe15405.htm" />
    <HelpKINode Title="all members" Url="html/25158379-8752-5fe6-555b-e1d3367abe9a.htm" />
    <HelpKINode Title="constructor" Url="html/20d10823-cf25-c617-0996-de60ac9a3428.htm" />
    <HelpKINode Title="events" Url="html/63686a4e-18fd-d4ca-c1cc-5236fc1cdae4.htm" />
    <HelpKINode Title="methods" Url="html/d8967233-1148-8f71-eda2-1ee53d6849d9.htm" />
    <HelpKINode Title="properties" Url="html/ee705a99-2f57-fbb1-47ba-cde863627fb7.htm" />
  </HelpKINode>
  <HelpKINode Title="MembershipProvider.ApplicationName property" Url="html/7bbdfb1b-866f-dceb-ce82-7de767753fcf.htm" />
  <HelpKINode Title="MembershipProvider.ChangePassword method" Url="html/481c5c1d-b3a9-8ce7-db4b-b8acc88ae498.htm" />
  <HelpKINode Title="MembershipProvider.ChangePasswordQuestionAndAnswer method" Url="html/5a131530-c115-945e-4e03-ac827f6f80a8.htm" />
  <HelpKINode Title="MembershipProvider.CloneUser method" Url="html/88700bfa-4b78-31fd-09a1-873d47e88b3c.htm" />
  <HelpKINode Title="MembershipProvider.Configure method" Url="html/d3640516-a0e1-c030-855e-6b564fdf56e6.htm" />
  <HelpKINode Title="MembershipProvider.CreateUser method" Url="html/2ed9376a-09a5-81e7-976f-240c854c7165.htm" />
  <HelpKINode Title="MembershipProvider.DeleteUser method" Url="html/b180295b-9d53-7c46-d6ee-8a88bd0dc082.htm" />
  <HelpKINode Title="MembershipProvider.Description property" Url="html/82a52dad-59ed-2bf3-eb9e-490bbd969557.htm" />
  <HelpKINode Title="MembershipProvider.EnablePasswordReset property" Url="html/3ff20d3d-8f48-9b5a-bbeb-8c0cd71e6b2b.htm" />
  <HelpKINode Title="MembershipProvider.EnablePasswordRetrieval property" Url="html/9522b6ce-cbba-375a-30b5-01826ce62b04.htm" />
  <HelpKINode Title="MembershipProvider.EncryptPassword method" Url="html/f0dce209-b1b1-1824-1403-76996c0bebf6.htm" />
  <HelpKINode Title="MembershipProvider.FindUsersByEmail method" Url="html/82546397-3eb3-5d84-4cf4-2c1035495305.htm" />
  <HelpKINode Title="MembershipProvider.FindUsersByName method" Url="html/c6d37338-b557-626c-58c7-30942fa8ac9e.htm" />
  <HelpKINode Title="MembershipProvider.GetAllUsers method" Url="html/3f2d60b2-61a5-8445-ffd7-5abc8e0a2274.htm" />
  <HelpKINode Title="MembershipProvider.GetNumberOfUsersOnline method" Url="html/5af1af81-efa6-57bf-dd3b-9d47ed872fc9.htm" />
  <HelpKINode Title="MembershipProvider.GetPassword method" Url="html/b72c8190-04a6-09bc-3bee-089e28c90a6f.htm" />
  <HelpKINode Title="MembershipProvider.GetUser method" Url="html/467df38f-5363-63c9-7fb5-e172db9f7353.htm" />
  <HelpKINode Title="MembershipProvider.GetUserNameByEmail method" Url="html/70588783-017c-a793-1f19-f2a07e00d0fe.htm" />
  <HelpKINode Title="MembershipProvider.MaxInvalidPasswordAttempts property" Url="html/d7e152e7-fad8-d32b-0d98-6d5c86e0e4f3.htm" />
  <HelpKINode Title="MembershipProvider.MembershipProvider constructor" Url="html/20d10823-cf25-c617-0996-de60ac9a3428.htm" />
  <HelpKINode Title="MembershipProvider.MinRequiredNonAlphanumericCharacters property" Url="html/3e26b456-f19e-ef2e-ae3e-21fbfbcf828f.htm" />
  <HelpKINode Title="MembershipProvider.MinRequiredPasswordLength property" Url="html/5b3ac2a1-f13f-4746-d2f3-6f56a5e04341.htm" />
  <HelpKINode Title="MembershipProvider.PasswordAttemptWindow property" Url="html/f4a33dec-23de-2d6d-f136-7049ec192138.htm" />
  <HelpKINode Title="MembershipProvider.PasswordFormat property" Url="html/1c3b2bb6-e42b-df0b-e8ae-6c021efe8973.htm" />
  <HelpKINode Title="MembershipProvider.PasswordPolicy property" Url="html/7a1ca354-7d95-26f3-409a-24f2b9acf072.htm" />
  <HelpKINode Title="MembershipProvider.PasswordStrategy property" Url="html/96391ff9-4f54-8730-d3e6-d9551a99fa2e.htm" />
  <HelpKINode Title="MembershipProvider.PasswordStrengthRegularExpression property" Url="html/a0eb5d51-f4f7-6b15-bd71-ee28093cd64e.htm" />
  <HelpKINode Title="MembershipProvider.RequiresQuestionAndAnswer property" Url="html/e4a5e28b-ead5-1b2e-9afd-709b070132ab.htm" />
  <HelpKINode Title="MembershipProvider.RequiresUniqueEmail property" Url="html/0e36e9b2-66a5-c878-9058-bc27f77a77e9.htm" />
  <HelpKINode Title="MembershipProvider.ResetPassword method" Url="html/e3e81eac-63b5-ffcb-dc1d-b9d3ac0666a7.htm" />
  <HelpKINode Title="MembershipProvider.UnlockUser method" Url="html/883103eb-5824-a8b1-b781-070a91fc25eb.htm" />
  <HelpKINode Title="MembershipProvider.UpdateUser method" Url="html/49dcb09e-55cc-3fd2-b899-f1f00f4533e3.htm" />
  <HelpKINode Title="MembershipProvider.UserService property" Url="html/2c94510b-0b16-bf73-67f3-f87a74e3a22d.htm" />
  <HelpKINode Title="MembershipProvider.ValidateUser method" Url="html/3403b884-a808-7752-854d-f1755a2daaf4.htm" />
  <HelpKINode Title="Message property" Url="html/026cd0c9-6e9d-a7ae-3df1-46ba2a529fd8.htm" />
  <HelpKINode Title="Message property" Url="html/8caa9fc5-16fc-f48f-0221-fdc1c8350ced.htm" />
  <HelpKINode Title="MessageBox class" Url="html/6579cf64-c30a-213f-ebd6-3623bb20a647.htm" />
  <HelpKINode Title="MessageBox class" Url="html/ada2642e-5378-67a6-d375-11968dc511ae.htm" />
  <HelpKINode Title="MessageBox class">
    <HelpKINode Title="about MessageBox class" Url="html/ada2642e-5378-67a6-d375-11968dc511ae.htm" />
    <HelpKINode Title="all members" Url="html/6579cf64-c30a-213f-ebd6-3623bb20a647.htm" />
    <HelpKINode Title="constructor" Url="html/bcf1e058-e9ad-8271-0dad-077e4cb677d6.htm" />
    <HelpKINode Title="methods" Url="html/da2ec76f-f10c-31ad-4796-5f9241560002.htm" />
    <HelpKINode Title="properties" Url="html/f1c2db5d-48fc-2012-b6bf-188c9970f43f.htm" />
  </HelpKINode>
  <HelpKINode Title="MessageBox.Message property" Url="html/8caa9fc5-16fc-f48f-0221-fdc1c8350ced.htm" />
  <HelpKINode Title="MessageBox.MessageBox constructor" Url="html/bcf1e058-e9ad-8271-0dad-077e4cb677d6.htm" />
  <HelpKINode Title="MinRequiredNonAlphanumericCharacters property" Url="html/3e26b456-f19e-ef2e-ae3e-21fbfbcf828f.htm" />
  <HelpKINode Title="MinRequiredNonAlphanumericCharacters property" Url="html/700e3d42-6ffb-3cb7-6405-13772d4764b3.htm" />
  <HelpKINode Title="MinRequiredNonAlphanumericCharacters property" Url="html/9d9b2f04-3b58-9637-a024-d0520549110a.htm" />
  <HelpKINode Title="MinRequiredPasswordLength property" Url="html/5b3ac2a1-f13f-4746-d2f3-6f56a5e04341.htm" />
  <HelpKINode Title="Name property" Url="html/cabeb3b5-63e3-4f94-a1a3-a1695fe7140e.htm" />
  <HelpKINode Title="NoCacheAttribute class" Url="html/167227b2-6aed-e352-f6f2-535d1ca2ff29.htm" />
  <HelpKINode Title="NoCacheAttribute class" Url="html/c1367d36-9383-cf15-2a87-487aced8ee3a.htm" />
  <HelpKINode Title="NoCacheAttribute class">
    <HelpKINode Title="about NoCacheAttribute class" Url="html/c1367d36-9383-cf15-2a87-487aced8ee3a.htm" />
    <HelpKINode Title="all members" Url="html/167227b2-6aed-e352-f6f2-535d1ca2ff29.htm" />
    <HelpKINode Title="constructor" Url="html/bb708982-70a3-f13c-4dbe-67260fce4980.htm" />
    <HelpKINode Title="methods" Url="html/a240a969-42f7-ea5b-9431-5924111878fb.htm" />
    <HelpKINode Title="properties" Url="html/2afb41a4-b65f-dfe1-e9b8-0b6d90a0183c.htm" />
  </HelpKINode>
  <HelpKINode Title="NoCacheAttribute.NoCacheAttribute constructor" Url="html/bb708982-70a3-f13c-4dbe-67260fce4980.htm" />
  <HelpKINode Title="OnActionExecuting method" Url="html/3c5857f7-f2db-be24-351c-a22f9ba3e0a3.htm" />
  <HelpKINode Title="OnActionExecuting method" Url="html/cf74695c-d41f-fd52-024c-9e3afaa65148.htm" />
  <HelpKINode Title="Password property" Url="html/a542c79d-64a4-975a-a0e9-2f19081bf1e7.htm" />
  <HelpKINode Title="Password property" Url="html/e1660e03-7ccb-95fe-013e-7fa2911789d9.htm" />
  <HelpKINode Title="PasswordAnswer property" Url="html/d3ba779d-36c2-4e5a-cb3c-9c235ddc8c1b.htm" />
  <HelpKINode Title="PasswordAttemptWindow property" Url="html/0977fcaf-c914-5862-620d-a96a19215ae2.htm" />
  <HelpKINode Title="PasswordAttemptWindow property" Url="html/92c8cca1-9839-9982-a80f-6be1bb15cfd1.htm" />
  <HelpKINode Title="PasswordAttemptWindow property" Url="html/f4a33dec-23de-2d6d-f136-7049ec192138.htm" />
  <HelpKINode Title="PasswordExtensions class" Url="html/815c07cb-d89c-430d-fbdb-af7c22c6bc5e.htm" />
  <HelpKINode Title="PasswordExtensions class" Url="html/865eb23e-0ad9-efc5-921a-e2734f1f6742.htm" />
  <HelpKINode Title="PasswordExtensions class">
    <HelpKINode Title="about PasswordExtensions class" Url="html/815c07cb-d89c-430d-fbdb-af7c22c6bc5e.htm" />
    <HelpKINode Title="all members" Url="html/865eb23e-0ad9-efc5-921a-e2734f1f6742.htm" />
    <HelpKINode Title="methods" Url="html/99152e0c-c1b8-ee15-8abf-c7ea2474185c.htm" />
  </HelpKINode>
  <HelpKINode Title="PasswordExtensions.CreatePasswordInfo method" Url="html/9424c0d6-0e27-a034-bc89-8ba4a4ba8914.htm" />
  <HelpKINode Title="PasswordFormat property" Url="html/1c3b2bb6-e42b-df0b-e8ae-6c021efe8973.htm" />
  <HelpKINode Title="PasswordFormat property" Url="html/4643e845-f5d5-d3f5-c193-36eaf5f1a32b.htm" />
  <HelpKINode Title="PasswordFormat property" Url="html/b3aa332d-0f91-2846-5b26-a84993f721f1.htm" />
  <HelpKINode Title="PasswordFormat property" Url="html/b42c5c04-808b-1a78-4bc3-8b7f0aba5453.htm" />
  <HelpKINode Title="PasswordFormat property" Url="html/f919dd37-0201-e7a8-d30c-70c970d1e080.htm" />
  <HelpKINode Title="PasswordMinimumLength property" Url="html/18b42125-cbab-ebd0-f4d7-953a13b5ca99.htm" />
  <HelpKINode Title="PasswordMinimumLength property" Url="html/c955f341-a4df-704c-7212-033d62b08376.htm" />
  <HelpKINode Title="PasswordPolicy class" Url="html/13a6e97e-b454-b47e-09af-f8a9c05f213a.htm" />
  <HelpKINode Title="PasswordPolicy class" Url="html/43786302-a997-36c5-e53c-0f05186cdccb.htm" />
  <HelpKINode Title="PasswordPolicy class">
    <HelpKINode Title="about PasswordPolicy class" Url="html/13a6e97e-b454-b47e-09af-f8a9c05f213a.htm" />
    <HelpKINode Title="all members" Url="html/43786302-a997-36c5-e53c-0f05186cdccb.htm" />
    <HelpKINode Title="constructor" Url="html/6d09c2d7-b937-dfbb-d9f5-90470927400c.htm" />
    <HelpKINode Title="methods" Url="html/d8b5f2ca-3969-5fbf-cc2d-022fe7f75a19.htm" />
    <HelpKINode Title="properties" Url="html/f78368f5-0211-7da2-ff47-b1fa358a263d.htm" />
  </HelpKINode>
  <HelpKINode Title="PasswordPolicy property" Url="html/7a1ca354-7d95-26f3-409a-24f2b9acf072.htm" />
  <HelpKINode Title="PasswordPolicy.IsPasswordQuestionRequired property" Url="html/59a150fc-93a4-feff-9df1-17722db6d53d.htm" />
  <HelpKINode Title="PasswordPolicy.IsPasswordResetEnabled property" Url="html/5290a46c-2280-cf0d-2f0f-cca5959e1b3a.htm" />
  <HelpKINode Title="PasswordPolicy.IsPasswordRetrievalEnabled property" Url="html/66b86734-d0a8-f585-37d1-e08eb08d93ad.htm" />
  <HelpKINode Title="PasswordPolicy.MaxInvalidPasswordAttempts property" Url="html/4124b00f-0c66-f9be-d3c6-47b86f52b6cb.htm" />
  <HelpKINode Title="PasswordPolicy.MinRequiredNonAlphanumericCharacters property" Url="html/9d9b2f04-3b58-9637-a024-d0520549110a.htm" />
  <HelpKINode Title="PasswordPolicy.PasswordAttemptWindow property" Url="html/92c8cca1-9839-9982-a80f-6be1bb15cfd1.htm" />
  <HelpKINode Title="PasswordPolicy.PasswordMinimumLength property" Url="html/18b42125-cbab-ebd0-f4d7-953a13b5ca99.htm" />
  <HelpKINode Title="PasswordPolicy.PasswordPolicy constructor" Url="html/6d09c2d7-b937-dfbb-d9f5-90470927400c.htm" />
  <HelpKINode Title="PasswordPolicy.PasswordStrengthRegularExpression property" Url="html/0607852d-33b2-a147-ea01-11ca53b23f8c.htm" />
  <HelpKINode Title="PasswordPolicyExtensions class" Url="html/01f88f5d-b8a7-0c8f-1339-f9d803e7d2e7.htm" />
  <HelpKINode Title="PasswordPolicyExtensions class" Url="html/5f3edc35-fbd6-4791-aea0-6fc46b47892b.htm" />
  <HelpKINode Title="PasswordPolicyExtensions class">
    <HelpKINode Title="about PasswordPolicyExtensions class" Url="html/01f88f5d-b8a7-0c8f-1339-f9d803e7d2e7.htm" />
    <HelpKINode Title="all members" Url="html/5f3edc35-fbd6-4791-aea0-6fc46b47892b.htm" />
    <HelpKINode Title="methods" Url="html/dc08b5c8-7068-69b8-4c2a-03a574272e28.htm" />
  </HelpKINode>
  <HelpKINode Title="PasswordPolicyExtensions.GeneratePassword method" Url="html/b319c5b6-1b1a-5fc0-8a1c-86633174511e.htm" />
  <HelpKINode Title="PasswordPolicyExtensions.IsPasswordValid method" Url="html/bdacfc2e-1f90-b68f-1520-571a02cb42aa.htm" />
  <HelpKINode Title="PasswordQuestion property" Url="html/be1da4aa-97a2-c729-b3cb-11dec2a649f4.htm" />
  <HelpKINode Title="PasswordSalt property" Url="html/1f76eb6d-b7ae-0cce-68a4-4319049145f5.htm" />
  <HelpKINode Title="PasswordSalt property" Url="html/493169ae-8af6-df81-123f-c2f2c6b7d0f9.htm" />
  <HelpKINode Title="PasswordStrategy property" Url="html/96391ff9-4f54-8730-d3e6-d9551a99fa2e.htm" />
  <HelpKINode Title="PasswordStrengthRegularExpression property" Url="html/0607852d-33b2-a147-ea01-11ca53b23f8c.htm" />
  <HelpKINode Title="PasswordStrengthRegularExpression property" Url="html/a0eb5d51-f4f7-6b15-bd71-ee28093cd64e.htm" />
  <HelpKINode Title="PasswordStrengthRegularExpression property" Url="html/efc1dee5-6680-11a2-f247-c3185d8a5cab.htm" />
  <HelpKINode Title="PropertyName property" Url="html/65a219b1-7017-9260-5872-2a4b575b1d64.htm" />
  <HelpKINode Title="Register method" Url="html/9ec3376f-225a-d2eb-6140-f6195f2056e5.htm" />
  <HelpKINode Title="RemoveRole method" Url="html/2887834f-fb7d-c52b-cf7b-5e1b7382c233.htm" />
  <HelpKINode Title="RemoveUserFromRole method" Url="html/bcc998ad-4fd8-da26-79f5-64f9236af638.htm" />
  <HelpKINode Title="RemoveUsersFromRoles method" Url="html/efef462a-5a30-f3a2-3654-16790151b971.htm" />
  <HelpKINode Title="RequiresQuestionAndAnswer property" Url="html/e4a5e28b-ead5-1b2e-9afd-709b070132ab.htm" />
  <HelpKINode Title="RequiresUniqueEmail property" Url="html/0e36e9b2-66a5-c878-9058-bc27f77a77e9.htm" />
  <HelpKINode Title="ResetPassword method" Url="html/e3e81eac-63b5-ffcb-dc1d-b9d3ac0666a7.htm" />
  <HelpKINode Title="ResourceStringProvider class" Url="html/d469df14-ea7d-0317-19e6-885df89137a5.htm" />
  <HelpKINode Title="ResourceStringProvider class" Url="html/e538cf1f-08cc-5469-bcf9-1e223472c8c7.htm" />
  <HelpKINode Title="ResourceStringProvider class">
    <HelpKINode Title="about ResourceStringProvider class" Url="html/d469df14-ea7d-0317-19e6-885df89137a5.htm" />
    <HelpKINode Title="all members" Url="html/e538cf1f-08cc-5469-bcf9-1e223472c8c7.htm" />
    <HelpKINode Title="constructor" Url="html/973d3d56-4886-a72b-e35b-188dc3bec2fa.htm" />
    <HelpKINode Title="methods" Url="html/140343d3-755b-2558-16a9-9cf0cb3488d2.htm" />
  </HelpKINode>
  <HelpKINode Title="ResourceStringProvider.Format method" Url="html/e69a4305-363e-47c5-f22a-8632cca7729d.htm" />
  <HelpKINode Title="ResourceStringProvider.GetModelString method" Url="html/1a45f241-4b6c-cd43-0f18-46f3893135ba.htm" />
  <HelpKINode Title="ResourceStringProvider.GetValidationString method" Url="html/4337c271-8529-1170-f73e-3b1e1620f8d0.htm" />
  <HelpKINode Title="ResourceStringProvider.ResourceStringProvider constructor" Url="html/973d3d56-4886-a72b-e35b-188dc3bec2fa.htm" />
  <HelpKINode Title="RoleExists method" Url="html/bf880bdd-39bd-d150-aca6-a8fa7d215112.htm" />
  <HelpKINode Title="RoleProvider class" Url="html/682cf803-4b24-8895-9886-fdb0e706d0c2.htm" />
  <HelpKINode Title="RoleProvider class" Url="html/a5ab7a27-2f28-b674-aaff-107f6a77a480.htm" />
  <HelpKINode Title="RoleProvider class">
    <HelpKINode Title="about RoleProvider class" Url="html/682cf803-4b24-8895-9886-fdb0e706d0c2.htm" />
    <HelpKINode Title="all members" Url="html/a5ab7a27-2f28-b674-aaff-107f6a77a480.htm" />
    <HelpKINode Title="constructor" Url="html/bf8ec273-b985-aa9b-57ad-4cb016d9e953.htm" />
    <HelpKINode Title="methods" Url="html/ce3404cf-a15c-38c6-04e5-56e8ec4e4646.htm" />
    <HelpKINode Title="properties" Url="html/a392cda9-3acf-b39d-12cc-dec3140466e5.htm" />
  </HelpKINode>
  <HelpKINode Title="RoleProvider.AddUsersToRoles method" Url="html/c024e897-0979-0f1f-d9b5-ce91716fd9f8.htm" />
  <HelpKINode Title="RoleProvider.ApplicationName property" Url="html/da74b638-f246-1b9c-3263-ab7e690ff664.htm" />
  <HelpKINode Title="RoleProvider.Configure method" Url="html/4d778b21-e985-de0b-9a1a-1185f72edfb3.htm" />
  <HelpKINode Title="RoleProvider.CreateRole method" Url="html/f8a3cbd9-3989-0af2-2917-edd1c0b1aa89.htm" />
  <HelpKINode Title="RoleProvider.DeleteRole method" Url="html/53000065-823c-a844-feac-45ad5bf70d6d.htm" />
  <HelpKINode Title="RoleProvider.FindUsersInRole method" Url="html/8ad7aa70-550d-1de7-a204-3712adebe4c2.htm" />
  <HelpKINode Title="RoleProvider.GetAllRoles method" Url="html/a2d43296-3678-d1ac-693d-fdf684b5eff3.htm" />
  <HelpKINode Title="RoleProvider.GetRolesForUser method" Url="html/20ebb057-be5f-6b8a-a6c4-382b0e4888c4.htm" />
  <HelpKINode Title="RoleProvider.GetUsersInRole method" Url="html/7724a1b1-4a9b-aa40-15cf-a76e162614a2.htm" />
  <HelpKINode Title="RoleProvider.Initialize method" Url="html/22a7054d-bc99-afff-c47f-d87c74b10921.htm" />
  <HelpKINode Title="RoleProvider.IsUserInRole method" Url="html/9643b5a6-9bfc-3efa-3aec-0ee2ab8da9f8.htm" />
  <HelpKINode Title="RoleProvider.RemoveUsersFromRoles method" Url="html/efef462a-5a30-f3a2-3654-16790151b971.htm" />
  <HelpKINode Title="RoleProvider.RoleExists method" Url="html/bf880bdd-39bd-d150-aca6-a8fa7d215112.htm" />
  <HelpKINode Title="RoleProvider.RoleProvider constructor" Url="html/bf8ec273-b985-aa9b-57ad-4cb016d9e953.htm" />
  <HelpKINode Title="Roles property" Url="html/2f097886-beb4-63f1-80aa-b3423199f538.htm" />
  <HelpKINode Title="Translate method" Url="html/3a2f7d8f-7d10-ed2b-ec4e-b585e13bb4c2.htm" />
  <HelpKINode Title="TripleDesStrategy class" Url="html/9cb0c097-9be9-c80e-b3f9-655756eb6b1d.htm" />
  <HelpKINode Title="TripleDesStrategy class" Url="html/ec281ac8-6c5e-0986-5c8c-d58e5ed15f04.htm" />
  <HelpKINode Title="TripleDesStrategy class">
    <HelpKINode Title="about TripleDesStrategy class" Url="html/9cb0c097-9be9-c80e-b3f9-655756eb6b1d.htm" />
    <HelpKINode Title="all members" Url="html/ec281ac8-6c5e-0986-5c8c-d58e5ed15f04.htm" />
    <HelpKINode Title="constructor" Url="html/4ff7ba50-bfae-801d-8a00-c84b42ed6a6b.htm" />
    <HelpKINode Title="methods" Url="html/649cf6b9-a406-61c3-3500-ce020b2e9555.htm" />
    <HelpKINode Title="properties" Url="html/94afb294-fdc5-f8e0-aa0d-9614dd6e69f1.htm" />
  </HelpKINode>
  <HelpKINode Title="TripleDesStrategy.Compare method" Url="html/81d5ead8-0f33-57e7-720c-246d19ebf815.htm" />
  <HelpKINode Title="TripleDesStrategy.Decrypt method" Url="html/c2419b16-9a07-d331-24e9-c857b2bc9fd2.htm" />
  <HelpKINode Title="TripleDesStrategy.DecryptString method" Url="html/95e788a3-e6e8-89ed-fd16-da43ce49ba76.htm" />
  <HelpKINode Title="TripleDesStrategy.Encrypt method" Url="html/0b1f69c5-5ec8-565e-ba41-932edc2deb58.htm" />
  <HelpKINode Title="TripleDesStrategy.EncryptString method" Url="html/2b48df4b-c839-4a91-eed4-285caae6f5ca.htm" />
  <HelpKINode Title="TripleDesStrategy.GeneratePassword method" Url="html/0b0e90d8-330e-25b8-6ff5-a40f206b76e7.htm" />
  <HelpKINode Title="TripleDesStrategy.IsPasswordsDecryptable property" Url="html/2dff34f1-960d-7a9d-48ed-fcf2fddb8517.htm" />
  <HelpKINode Title="TripleDesStrategy.IsValid method" Url="html/ed75abd8-146b-1617-d0cd-56178808786a.htm" />
  <HelpKINode Title="TripleDesStrategy.PasswordFormat property" Url="html/f919dd37-0201-e7a8-d30c-70c970d1e080.htm" />
  <HelpKINode Title="TripleDesStrategy.TripleDesStrategy constructor" Url="html/4ff7ba50-bfae-801d-8a00-c84b42ed6a6b.htm" />
  <HelpKINode Title="UnlockUser method" Url="html/883103eb-5824-a8b1-b781-070a91fc25eb.htm" />
  <HelpKINode Title="Update method" Url="html/d434a4bc-c71a-cf01-cdde-5b78740f0bae.htm" />
  <HelpKINode Title="UpdateUser method" Url="html/49dcb09e-55cc-3fd2-b899-f1f00f4533e3.htm" />
  <HelpKINode Title="UserName property" Url="html/cc12e403-a8d2-5fec-fc72-49345fd8f245.htm" />
  <HelpKINode Title="UserName property" Url="html/e350d928-74f5-21fe-850d-1f2966bdf402.htm" />
  <HelpKINode Title="Users property" Url="html/7ee692ca-f28c-5653-c05a-3b87b882dc2f.htm" />
  <HelpKINode Title="UserService property" Url="html/2c94510b-0b16-bf73-67f3-f87a74e3a22d.htm" />
  <HelpKINode Title="ValidateUser method" Url="html/3403b884-a808-7752-854d-f1755a2daaf4.htm" />
</HelpKI>
