﻿<?xml version="1.0" encoding="utf-8"?>
<HelpTOC>

  <HelpTOCNode Id="f9093728-d4ff-46b5-9ea7-11eb11ddc9c0" Title="Griffin.MvcContrib.Caching Namespace" Url="html/0c25edeb-7e33-a5c8-1197-b8f61c8e4302.htm">
    <HelpTOCNode Id="0cdf4eff-f2b7-45df-a6bc-f9947c27c73c" Title="NoCacheAttribute Class" Url="html/c1367d36-9383-cf15-2a87-487aced8ee3a.htm">
      <HelpTOCNode Title="NoCacheAttribute Members" Url="html/167227b2-6aed-e352-f6f2-535d1ca2ff29.htm" />
      <HelpTOCNode Title="NoCacheAttribute Constructor " Url="html/bb708982-70a3-f13c-4dbe-67260fce4980.htm" />
      <HelpTOCNode Title="NoCacheAttribute Methods" Url="html/a240a969-42f7-ea5b-9431-5924111878fb.htm" />
      <HelpTOCNode Title="NoCacheAttribute Properties" Url="html/2afb41a4-b65f-dfe1-e9b8-0b6d90a0183c.htm" />
    </HelpTOCNode>
  </HelpTOCNode>
  <HelpTOCNode Id="794a7c63-1503-4bf4-8519-b4ba168d75dd" Title="Griffin.MvcContrib.Json Namespace" Url="html/7224942e-558f-5cd1-3a14-7db00aba347f.htm">
    <HelpTOCNode Id="cfcd1fbc-2170-4052-aa38-1537ebad3ca7" Title="AllowCrossSiteJsonAttribute Class" Url="html/c31aec11-8ffb-b2e6-3f50-529fccc0e93c.htm">
      <HelpTOCNode Title="AllowCrossSiteJsonAttribute Members" Url="html/c258e236-2fd5-2dd5-e466-29c9131ab304.htm" />
      <HelpTOCNode Id="c2352ba2-3417-4965-b255-cd3d8e0cba42" Title="AllowCrossSiteJsonAttribute Constructor " Url="html/99841dc7-370d-8c2d-40dd-01b2f6a10896.htm">
        <HelpTOCNode Title="AllowCrossSiteJsonAttribute Constructor " Url="html/f4ff40b6-ca0d-6c37-f0f0-c4ed9249b8b5.htm" />
        <HelpTOCNode Title="AllowCrossSiteJsonAttribute Constructor (String)" Url="html/d0cf3331-62c2-0cbd-6897-47c8a9c46897.htm" />
      </HelpTOCNode>
      <HelpTOCNode Id="80757341-963c-409d-8022-4faf990886a3" Title="AllowCrossSiteJsonAttribute Methods" Url="html/3a3a30e4-bdd4-2adb-cf89-7eb5f5d61859.htm">
        <HelpTOCNode Title="OnActionExecuting Method " Url="html/cf74695c-d41f-fd52-024c-9e3afaa65148.htm" />
      </HelpTOCNode>
      <HelpTOCNode Title="AllowCrossSiteJsonAttribute Properties" Url="html/c8e78c0a-ea44-082a-75b9-1907f55388db.htm" />
    </HelpTOCNode>
    <HelpTOCNode Id="466ea368-a23e-4eea-bcb3-25214e5e3902" Title="ControllerExtensions Class" Url="html/73771533-6701-eddc-9288-e27e63cff374.htm">
      <HelpTOCNode Title="ControllerExtensions Members" Url="html/d9460bac-6cd8-7d26-e38d-0c5f45a68df3.htm" />
      <HelpTOCNode Id="3e4a7da0-f1c3-42a2-bcf4-552c21653f55" Title="ControllerExtensions Methods" Url="html/f1387ad1-5a92-8ef4-da7b-ee9780b56a95.htm">
        <HelpTOCNode Id="7e1cf5d1-19cb-4177-9c34-da71ac8d91e6" Title="JsonResponse Method " Url="html/f7664ac8-4915-7f46-0acf-cc9c9a2e22d2.htm">
          <HelpTOCNode Title="JsonResponse Method (, IJsonResponseContent)" Url="html/7ac7f254-7422-f8b2-1a10-36c6d8229e56.htm" />
          <HelpTOCNode Title="JsonResponse Method (, IJsonResponseContent, )" Url="html/3b5bd06a-fe45-464e-20bd-ab5033d22095.htm" />
        </HelpTOCNode>
      </HelpTOCNode>
    </HelpTOCNode>
    <HelpTOCNode Id="84e2b655-c68a-49d1-a589-2cf818de0e84" Title="ErrorMessage Class" Url="html/bc29b3e2-95e4-15d4-f3dc-a343366afdb6.htm">
      <HelpTOCNode Title="ErrorMessage Members" Url="html/b126195b-6efd-c465-b394-2c64f7a3a8af.htm" />
      <HelpTOCNode Id="f4638f3c-560f-4ed9-83d1-290c4cd1b0d9" Title="ErrorMessage Constructor " Url="html/b30b8af2-7d00-fd62-ab97-0db7d4b8dfc9.htm">
        <HelpTOCNode Title="ErrorMessage Constructor (String)" Url="html/239bd613-f1c5-cfd0-bf61-6edd1b04e5c7.htm" />
        <HelpTOCNode Title="ErrorMessage Constructor (String, String)" Url="html/cd1e171c-6cd5-f7be-9763-04d9368eaa39.htm" />
      </HelpTOCNode>
      <HelpTOCNode Title="ErrorMessage Methods" Url="html/88c86802-e31a-8bf4-2e88-87dfc3071e2c.htm" />
      <HelpTOCNode Id="31b15ff4-0d15-4cf0-b5f1-511604921cc5" Title="ErrorMessage Properties" Url="html/954b2e5c-f9c2-14cf-dc7b-8ac622373bd0.htm">
        <HelpTOCNode Title="Message Property " Url="html/026cd0c9-6e9d-a7ae-3df1-46ba2a529fd8.htm" />
        <HelpTOCNode Title="PropertyName Property " Url="html/65a219b1-7017-9260-5872-2a4b575b1d64.htm" />
      </HelpTOCNode>
    </HelpTOCNode>
    <HelpTOCNode Title="IJsonResponseContent Interface" Url="html/4fe323e6-42fb-5ddb-8428-792facdaaf8e.htm" />
    <HelpTOCNode Id="e35edb26-5052-45de-b211-c4b008c9f431" Title="JsonResponse Class" Url="html/4531346b-2d39-8d80-b947-b4a94303ad4c.htm">
      <HelpTOCNode Title="JsonResponse Members" Url="html/0851ae42-3843-c6da-b6ab-f7aff6f8b5e9.htm" />
      <HelpTOCNode Title="JsonResponse Constructor " Url="html/c99f7bb6-f3d1-48ab-4d7e-eee9c161ee1d.htm" />
      <HelpTOCNode Title="JsonResponse Methods" Url="html/d341638c-b77d-4273-df8a-a4aca286da62.htm" />
      <HelpTOCNode Id="9fbcf06d-3a79-4f4a-9b29-b945e2d77205" Title="JsonResponse Properties" Url="html/40174083-da58-36a6-d86b-7db3afce19d1.htm">
        <HelpTOCNode Title="Content Property " Url="html/429d0ec7-b875-1669-1e1f-dfdf2425ad15.htm" />
        <HelpTOCNode Title="ContentType Property " Url="html/a0d9bdb3-8410-6833-26d2-17044b5a6132.htm" />
      </HelpTOCNode>
    </HelpTOCNode>
    <HelpTOCNode Id="52a61d97-0931-4c9d-aca8-958445ee325d" Title="MessageBox Class" Url="html/ada2642e-5378-67a6-d375-11968dc511ae.htm">
      <HelpTOCNode Title="MessageBox Members" Url="html/6579cf64-c30a-213f-ebd6-3623bb20a647.htm" />
      <HelpTOCNode Title="MessageBox Constructor " Url="html/bcf1e058-e9ad-8271-0dad-077e4cb677d6.htm" />
      <HelpTOCNode Title="MessageBox Methods" Url="html/da2ec76f-f10c-31ad-4796-5f9241560002.htm" />
      <HelpTOCNode Id="c02b4161-2670-4a43-8906-39fe708740e7" Title="MessageBox Properties" Url="html/f1c2db5d-48fc-2012-b6bf-188c9970f43f.htm">
        <HelpTOCNode Title="Message Property " Url="html/8caa9fc5-16fc-f48f-0221-fdc1c8350ced.htm" />
      </HelpTOCNode>
    </HelpTOCNode>
  </HelpTOCNode>
  <HelpTOCNode Id="8ccb9b98-93ff-49f5-9a46-ec17f2b196fe" Title="Griffin.MvcContrib.Localization Namespace" Url="html/8a8cda17-e3da-0b27-9d88-f26315174fdf.htm">
    <HelpTOCNode Id="d17baee1-2c43-4c98-b3bd-5705796b979f" Title="ILocalizedStringProvider Interface" Url="html/9be6f024-fbc5-e991-ee05-9f13bd2dcf3a.htm">
      <HelpTOCNode Title="ILocalizedStringProvider Members" Url="html/37ed280d-6214-def7-86eb-ac0965b60c3e.htm" />
      <HelpTOCNode Id="a70b098b-e6ca-47df-be3f-d98aa7606f17" Title="ILocalizedStringProvider Methods" Url="html/618f12e5-bd81-e783-85fd-f83b215189be.htm">
        <HelpTOCNode Id="01a898fc-1d7b-4ffb-b882-4ef934be5a7b" Title="GetModelString Method " Url="html/e0fd9a30-ba2e-f8c6-4d21-1166b5eb5605.htm">
          <HelpTOCNode Title="GetModelString Method (Type, String)" Url="html/e3ec3236-cd4d-9de2-c53d-5a99ff6c1d37.htm" />
          <HelpTOCNode Title="GetModelString Method (Type, String, String)" Url="html/34896da8-60d5-d50e-4cab-4f0a2e27a96d.htm" />
        </HelpTOCNode>
        <HelpTOCNode Title="GetValidationString Method " Url="html/49127119-472c-27b3-15b2-d5f4eb3d788f.htm" />
      </HelpTOCNode>
    </HelpTOCNode>
    <HelpTOCNode Id="4039bb86-c30b-44c7-a2c6-c6a45e3d3bec" Title="LocalizedAttribute Class" Url="html/131d3c98-08e4-fa93-c846-9bd29d4d6cfb.htm">
      <HelpTOCNode Title="LocalizedAttribute Members" Url="html/24db3300-f784-a2c9-e518-119ac705f76a.htm" />
      <HelpTOCNode Title="LocalizedAttribute Constructor " Url="html/ba9ee0f8-f00b-d8ed-e370-fca94cf2874b.htm" />
      <HelpTOCNode Id="4fecda4a-d87a-4b18-8174-007138acb27c" Title="LocalizedAttribute Methods" Url="html/84e9fce9-d549-fe0b-5a5f-8264e068ea31.htm">
        <HelpTOCNode Title="OnActionExecuting Method " Url="html/3c5857f7-f2db-be24-351c-a22f9ba3e0a3.htm" />
      </HelpTOCNode>
      <HelpTOCNode Title="LocalizedAttribute Properties" Url="html/d32bbd8c-47ea-e979-3761-872691d08ef2.htm" />
    </HelpTOCNode>
    <HelpTOCNode Id="f38287ce-57cd-4999-8d7c-781f3c123b47" Title="LocalizedCacheAttribute Class" Url="html/2a087dbf-16e3-582a-7bc9-66c02437cd3e.htm">
      <HelpTOCNode Title="LocalizedCacheAttribute Members" Url="html/3772007b-4361-c4f1-6046-af8de4b43eec.htm" />
      <HelpTOCNode Title="LocalizedCacheAttribute Constructor " Url="html/85f4b605-cff4-d511-d387-7180fb2a596a.htm" />
      <HelpTOCNode Id="22007dba-da11-44e7-8bc6-7cc734fa6279" Title="LocalizedCacheAttribute Methods" Url="html/563a8b26-6f4b-d9ee-8bc8-dc8c30a4ad7a.htm">
        <HelpTOCNode Title="GetVaryByCustomString Method " Url="html/bbbe7b5a-67a6-b19d-999d-434aed307d56.htm" />
      </HelpTOCNode>
      <HelpTOCNode Title="LocalizedCacheAttribute Properties" Url="html/a75d47b6-fb26-3de6-2fe7-184fc0f40a61.htm" />
    </HelpTOCNode>
    <HelpTOCNode Id="b1d937c6-f8f2-41e6-acf1-8b9609d8ef74" Title="LocalizedModelMetadataProvider Class" Url="html/e59e3854-94f8-fb42-8dba-bc2e24cc8366.htm">
      <HelpTOCNode Title="LocalizedModelMetadataProvider Members" Url="html/f6d11e87-12e1-385c-5038-f74ae6eb156c.htm" />
      <HelpTOCNode Title="LocalizedModelMetadataProvider Constructor " Url="html/8a8aa27b-f21b-22f1-edd1-5184ec4b1c94.htm" />
      <HelpTOCNode Id="8f10ad7a-bfb2-406c-9f6e-c4cbc81718ba" Title="LocalizedModelMetadataProvider Methods" Url="html/ee4109d6-1fe0-4327-a327-5ae9fbe4ac5b.htm">
        <HelpTOCNode Title="CreateMetadata Method " Url="html/8b88b8c6-c921-ad49-df70-a61600000034.htm" />
        <HelpTOCNode Title="GetMetadataForProperty Method " Url="html/4bc0301a-f7a1-72e3-3930-12854074b7de.htm" />
        <HelpTOCNode Id="745875fe-7c0d-4720-803a-1c830f86c52b" Title="Translate Method " Url="html/3a2f7d8f-7d10-ed2b-ec4e-b585e13bb4c2.htm">
          <HelpTOCNode Title="Translate Method (Type, String)" Url="html/4500e876-f4ab-6d93-7092-5157d2d44e3c.htm" />
          <HelpTOCNode Title="Translate Method (Type, String, String)" Url="html/d1063ea4-d832-11c3-fa77-cd15772393fa.htm" />
        </HelpTOCNode>
      </HelpTOCNode>
    </HelpTOCNode>
    <HelpTOCNode Id="1cf51b2f-4e12-495b-8514-83773860a765" Title="LocalizedModelValidatorProvider Class" Url="html/7eae7820-85a5-210b-faa6-0205daecb9c8.htm">
      <HelpTOCNode Title="LocalizedModelValidatorProvider Members" Url="html/0ed26efd-3205-a8a4-6c98-d90c0197bcb4.htm" />
      <HelpTOCNode Title="LocalizedModelValidatorProvider Constructor " Url="html/b0c90159-64e8-174b-3ca6-68657f80bc9d.htm" />
      <HelpTOCNode Id="f8ddd33a-a0b2-40e9-a66c-f324301b1604" Title="LocalizedModelValidatorProvider Methods" Url="html/e14a5b0a-ffc8-4e9e-6c74-05f8b92e8904.htm">
        <HelpTOCNode Id="d6c1c9a4-543a-49a9-bd67-17262f6862ea" Title="GetValidators Method " Url="html/66aaf16b-2fb0-6b36-ef28-b0077ee2e44b.htm">
          <HelpTOCNode Title="GetValidators Method (, , IEnumerable(Attribute))" Url="html/66bb47a6-40d4-7c47-85a9-b61e4d555f48.htm" />
        </HelpTOCNode>
      </HelpTOCNode>
    </HelpTOCNode>
    <HelpTOCNode Id="a0bf6fb9-bba0-4128-b2c1-73184034f308" Title="ResourceStringProvider Class" Url="html/d469df14-ea7d-0317-19e6-885df89137a5.htm">
      <HelpTOCNode Title="ResourceStringProvider Members" Url="html/e538cf1f-08cc-5469-bcf9-1e223472c8c7.htm" />
      <HelpTOCNode Title="ResourceStringProvider Constructor " Url="html/973d3d56-4886-a72b-e35b-188dc3bec2fa.htm" />
      <HelpTOCNode Id="7edc1f35-6cb9-4e2e-b37e-abe35c3d6b21" Title="ResourceStringProvider Methods" Url="html/140343d3-755b-2558-16a9-9cf0cb3488d2.htm">
        <HelpTOCNode Title="Format Method " Url="html/e69a4305-363e-47c5-f22a-8632cca7729d.htm" />
        <HelpTOCNode Id="c0e3cb44-a189-483b-9807-e894d1b02e25" Title="GetModelString Method " Url="html/1a45f241-4b6c-cd43-0f18-46f3893135ba.htm">
          <HelpTOCNode Title="GetModelString Method (Type, String)" Url="html/c3970b02-724f-0d61-acfc-7196f15fa09a.htm" />
          <HelpTOCNode Title="GetModelString Method (Type, String, String)" Url="html/a7a3e3ad-95ea-c116-60a0-c83ae8f240fd.htm" />
        </HelpTOCNode>
        <HelpTOCNode Title="GetValidationString Method " Url="html/4337c271-8529-1170-f73e-3b1e1620f8d0.htm" />
      </HelpTOCNode>
    </HelpTOCNode>
  </HelpTOCNode>
  <HelpTOCNode Id="649acf8e-5432-47d0-b4af-c7fcb6b86c49" Title="Griffin.MvcContrib.Providers Namespace" Url="html/ca8696c0-e9a7-4af3-45ce-5b2245f3ef01.htm">
    <HelpTOCNode Id="5c2b22af-b582-4b5f-a9f1-bdf91cd9cf50" Title="IServiceLocator Interface" Url="html/303d523c-5c9a-62ec-fb06-8971b3d24b06.htm">
      <HelpTOCNode Title="IServiceLocator Members" Url="html/f1952116-636e-92f6-63e7-d2abe251c129.htm" />
      <HelpTOCNode Id="3281243f-c123-42a9-9927-9b39245f1166" Title="IServiceLocator Methods" Url="html/09604f06-8225-e135-1e94-58f348f9a2ce.htm">
        <HelpTOCNode Title="Get(T) Method " Url="html/03248b38-41de-6153-8f40-cf8c7811d049.htm" />
      </HelpTOCNode>
    </HelpTOCNode>
  </HelpTOCNode>
  <HelpTOCNode Id="591a923f-5bc4-4b79-b0f0-dce399911f7e" Title="Griffin.MvcContrib.Providers.Membership Namespace" Url="html/1e87b7a2-74a7-737e-8bb3-4d808c9f0bb0.htm">
    <HelpTOCNode Id="38c39a0f-97b5-40d5-af67-7128a4d4e193" Title="AccountPasswordInfo Class" Url="html/eb36fac6-f752-5940-65d4-1b5941288e58.htm">
      <HelpTOCNode Title="AccountPasswordInfo Members" Url="html/0cc081f9-79e7-ceae-abd3-e6b93700970b.htm" />
      <HelpTOCNode Title="AccountPasswordInfo Constructor " Url="html/716339fa-7244-60d8-c0cf-96e44a4e2356.htm" />
      <HelpTOCNode Title="AccountPasswordInfo Methods" Url="html/e07b7e69-a4cd-5157-481a-31680e61aadd.htm" />
      <HelpTOCNode Id="aeb58448-56dc-4ca5-b6f4-ba650c381c3c" Title="AccountPasswordInfo Properties" Url="html/889221ee-be89-4c05-8ed6-153cafface46.htm">
        <HelpTOCNode Title="Password Property " Url="html/e1660e03-7ccb-95fe-013e-7fa2911789d9.htm" />
        <HelpTOCNode Title="PasswordSalt Property " Url="html/1f76eb6d-b7ae-0cce-68a4-4319049145f5.htm" />
        <HelpTOCNode Title="UserName Property " Url="html/cc12e403-a8d2-5fec-fc72-49345fd8f245.htm" />
      </HelpTOCNode>
    </HelpTOCNode>
    <HelpTOCNode Id="7283c100-ab34-4723-b668-24af6555d211" Title="IAccountRepository Interface" Url="html/91a24a6a-311c-738a-15d1-e7502cf368fc.htm">
      <HelpTOCNode Title="IAccountRepository Members" Url="html/f1084a45-eb30-ca68-f915-54fc8e3171e7.htm" />
      <HelpTOCNode Id="630aa72c-9089-4877-9be3-c1f970d62c0f" Title="IAccountRepository Methods" Url="html/d41efe54-d035-8857-fcfd-c03b7a045a3f.htm">
        <HelpTOCNode Title="Create Method " Url="html/bf7359aa-1576-3d05-cfac-ffa54b82fae7.htm" />
        <HelpTOCNode Title="Delete Method " Url="html/d3ecc5b2-a76f-768e-2b17-7b0197bf9bed.htm" />
        <HelpTOCNode Title="FindAll Method " Url="html/f3b27d98-64ee-ad41-760e-64e13aebb2a6.htm" />
        <HelpTOCNode Title="FindByEmail Method " Url="html/0851a6e5-cb49-a2b2-d62f-cf97cc102b06.htm" />
        <HelpTOCNode Title="FindByUserName Method " Url="html/2f5d3ef9-2426-711e-83d4-51c16b9a638a.htm" />
        <HelpTOCNode Title="Get Method " Url="html/cadc88dc-399c-cbd0-acb6-9f7a85347c7e.htm" />
        <HelpTOCNode Title="GetById Method " Url="html/15091f1b-e200-927a-c536-f42e029dc153.htm" />
        <HelpTOCNode Title="GetNumberOfUsersOnline Method " Url="html/0a11b80b-b8f2-246b-a71d-508acd165645.htm" />
        <HelpTOCNode Title="GetUserNameByEmail Method " Url="html/f8109455-178c-37a1-469f-1d56b2ec9544.htm" />
        <HelpTOCNode Title="Register Method " Url="html/9ec3376f-225a-d2eb-6140-f6195f2056e5.htm" />
        <HelpTOCNode Title="Update Method " Url="html/d434a4bc-c71a-cf01-cdde-5b78740f0bae.htm" />
      </HelpTOCNode>
      <HelpTOCNode Id="7088b940-62a6-4fa7-9bb4-b34b15c06591" Title="IAccountRepository Properties" Url="html/f7e8bea6-491e-ae13-a6cb-05f20202d053.htm">
        <HelpTOCNode Title="IsUniqueEmailRequired Property " Url="html/5361d983-1729-ad52-a7fe-3929a4258cb2.htm" />
      </HelpTOCNode>
    </HelpTOCNode>
    <HelpTOCNode Id="2fa55b00-e468-47b4-bd2f-9c56bb644e88" Title="IPasswordPolicy Interface" Url="html/3ea32969-17f1-43f4-fa77-4083597c55b2.htm">
      <HelpTOCNode Title="IPasswordPolicy Members" Url="html/f1df5e32-fbc7-7b78-09a7-b7df652bc8b9.htm" />
      <HelpTOCNode Title="IPasswordPolicy Methods" Url="html/70e43a3f-7203-7686-af7c-9fb1328ac5d3.htm" />
      <HelpTOCNode Id="a00c54f8-7035-449d-96e8-c950d5ddb00d" Title="IPasswordPolicy Properties" Url="html/897f83bf-6de8-df98-1a20-2daaaac552cd.htm">
        <HelpTOCNode Title="IsPasswordQuestionRequired Property " Url="html/45fce7ce-7465-819c-8fc9-fa73242a628d.htm" />
        <HelpTOCNode Title="IsPasswordResetEnabled Property " Url="html/a581ba88-a28e-c2d3-684d-4d3771e1fe15.htm" />
        <HelpTOCNode Title="IsPasswordRetrievalEnabled Property " Url="html/091f04d0-14e7-4090-f8f9-a76eaf8efd1c.htm" />
        <HelpTOCNode Title="MaxInvalidPasswordAttempts Property " Url="html/2c3ca740-b64c-a52f-4fe0-3723770ccdeb.htm" />
        <HelpTOCNode Title="MinRequiredNonAlphanumericCharacters Property " Url="html/700e3d42-6ffb-3cb7-6405-13772d4764b3.htm" />
        <HelpTOCNode Title="PasswordAttemptWindow Property " Url="html/0977fcaf-c914-5862-620d-a96a19215ae2.htm" />
        <HelpTOCNode Title="PasswordMinimumLength Property " Url="html/c955f341-a4df-704c-7212-033d62b08376.htm" />
        <HelpTOCNode Title="PasswordStrengthRegularExpression Property " Url="html/efc1dee5-6680-11a2-f247-c3185d8a5cab.htm" />
      </HelpTOCNode>
    </HelpTOCNode>
    <HelpTOCNode Id="7a8341e4-a417-4c1b-8a15-0d5ddeea5fd1" Title="IPasswordStrategy Interface" Url="html/fdc525a2-10b0-d582-ac5c-598e9c24ba11.htm">
      <HelpTOCNode Title="IPasswordStrategy Members" Url="html/7c9223f0-a304-0439-567b-d601b21abda7.htm" />
      <HelpTOCNode Id="0f6e7d1f-429b-43b5-8ed3-f520796a57c1" Title="IPasswordStrategy Methods" Url="html/501af38b-1ec2-0f21-2b9c-8baed4ef2567.htm">
        <HelpTOCNode Title="Compare Method " Url="html/ab56713d-8923-178d-c303-cff19e6dca9b.htm" />
        <HelpTOCNode Title="Decrypt Method " Url="html/ee041df0-87e4-320f-3e9a-44e8ed4830e9.htm" />
        <HelpTOCNode Title="Encrypt Method " Url="html/e8cc6050-6628-0a76-6a01-57a18c489e0a.htm" />
        <HelpTOCNode Title="GeneratePassword Method " Url="html/f7a77b4b-1c59-4162-573b-9b48230ba04a.htm" />
        <HelpTOCNode Title="IsValid Method " Url="html/238b8f22-05a9-b84e-c132-7529389cbb5c.htm" />
      </HelpTOCNode>
      <HelpTOCNode Id="e88805e6-b044-4128-9f1b-c54b49c155f2" Title="IPasswordStrategy Properties" Url="html/e98058be-c000-7003-04a1-cbfceaefff84.htm">
        <HelpTOCNode Title="IsPasswordsDecryptable Property " Url="html/897eabe6-8308-8412-7877-fa658d661620.htm" />
        <HelpTOCNode Title="PasswordFormat Property " Url="html/4643e845-f5d5-d3f5-c193-36eaf5f1a32b.htm" />
      </HelpTOCNode>
    </HelpTOCNode>
    <HelpTOCNode Id="9ab08daf-d045-4690-ab09-6461896e8c05" Title="IUserAccount Interface" Url="html/31420baf-9ff5-0401-a622-2bdccba82765.htm">
      <HelpTOCNode Title="IUserAccount Members" Url="html/b8463c98-430d-ff1a-ff78-fa22885d0f02.htm" />
      <HelpTOCNode Title="IUserAccount Methods" Url="html/95009ad3-1c32-ce47-1a11-fe28da75b5c5.htm" />
      <HelpTOCNode Id="c4de642e-aee9-43b5-9c42-b15a782a74a6" Title="IUserAccount Properties" Url="html/3cc50733-899b-2f14-3145-6cf16f3f003e.htm">
        <HelpTOCNode Title="ApplicationName Property " Url="html/cffc028e-e6a6-2ac7-1330-7ff8b284b3de.htm" />
        <HelpTOCNode Title="Comment Property " Url="html/39efda03-47c7-e4f6-4977-a485386c1c3b.htm" />
        <HelpTOCNode Title="CreatedAt Property " Url="html/5cc076f9-31b3-877b-0802-cefea4300e20.htm" />
        <HelpTOCNode Title="Email Property " Url="html/7ee42ddf-8f77-dc4d-1c70-87fc96702724.htm" />
        <HelpTOCNode Title="FailedPasswordAnswerWindowAttemptCount Property " Url="html/2d321ab2-185e-0c7a-6098-318253daf697.htm" />
        <HelpTOCNode Title="FailedPasswordAnswerWindowStartedAt Property " Url="html/33e95a64-766e-0c35-cb60-d2f1ad31c396.htm" />
        <HelpTOCNode Title="FailedPasswordWindowAttemptCount Property " Url="html/3dc5a2ad-14b2-694b-bcac-3389d99723c4.htm" />
        <HelpTOCNode Title="FailedPasswordWindowStartedAt Property " Url="html/4699f3b4-c742-ed7b-ebaf-239df90496cd.htm" />
        <HelpTOCNode Title="Id Property " Url="html/551b5f16-8ad8-50cb-1a74-41c85baf592d.htm" />
        <HelpTOCNode Title="IsApproved Property " Url="html/ecbe1766-37db-e666-4a9a-5b13fab47719.htm" />
        <HelpTOCNode Title="IsLockedOut Property " Url="html/8d862711-75e7-1f51-0974-7e04f607c755.htm" />
        <HelpTOCNode Title="IsOnline Property " Url="html/6a5709c8-db10-678b-e194-b4338ab02795.htm" />
        <HelpTOCNode Title="LastActivityAt Property " Url="html/46b69cc9-1170-3cd5-6d27-5e5523833f27.htm" />
        <HelpTOCNode Title="LastLockedOutAt Property " Url="html/c6b18b4f-4edb-87d0-3e3a-7da331585a35.htm" />
        <HelpTOCNode Title="LastLoginAt Property " Url="html/c04727de-f59a-29a1-c137-9cefa4126c99.htm" />
        <HelpTOCNode Title="LastPasswordChangeAt Property " Url="html/202aacc7-cc21-150c-c44b-0177fe4f5f27.htm" />
        <HelpTOCNode Title="Password Property " Url="html/a542c79d-64a4-975a-a0e9-2f19081bf1e7.htm" />
        <HelpTOCNode Title="PasswordAnswer Property " Url="html/d3ba779d-36c2-4e5a-cb3c-9c235ddc8c1b.htm" />
        <HelpTOCNode Title="PasswordQuestion Property " Url="html/be1da4aa-97a2-c729-b3cb-11dec2a649f4.htm" />
        <HelpTOCNode Title="PasswordSalt Property " Url="html/493169ae-8af6-df81-123f-c2f2c6b7d0f9.htm" />
        <HelpTOCNode Title="UserName Property " Url="html/e350d928-74f5-21fe-850d-1f2966bdf402.htm" />
      </HelpTOCNode>
    </HelpTOCNode>
    <HelpTOCNode Id="86621e3a-8ebf-40c8-aab9-69cc10097460" Title="MembershipProvider Class" Url="html/75cbda64-4d96-15a0-5a27-e5abbfe15405.htm">
      <HelpTOCNode Title="MembershipProvider Members" Url="html/25158379-8752-5fe6-555b-e1d3367abe9a.htm" />
      <HelpTOCNode Title="MembershipProvider Constructor " Url="html/20d10823-cf25-c617-0996-de60ac9a3428.htm" />
      <HelpTOCNode Id="14e2c189-c7d4-448f-8d0a-e9b081c0d926" Title="MembershipProvider Methods" Url="html/d8967233-1148-8f71-eda2-1ee53d6849d9.htm">
        <HelpTOCNode Title="ChangePassword Method " Url="html/481c5c1d-b3a9-8ce7-db4b-b8acc88ae498.htm" />
        <HelpTOCNode Title="ChangePasswordQuestionAndAnswer Method " Url="html/5a131530-c115-945e-4e03-ac827f6f80a8.htm" />
        <HelpTOCNode Title="CloneUser Method " Url="html/88700bfa-4b78-31fd-09a1-873d47e88b3c.htm" />
        <HelpTOCNode Title="Configure Method " Url="html/d3640516-a0e1-c030-855e-6b564fdf56e6.htm" />
        <HelpTOCNode Title="CreateUser Method " Url="html/2ed9376a-09a5-81e7-976f-240c854c7165.htm" />
        <HelpTOCNode Title="DeleteUser Method " Url="html/b180295b-9d53-7c46-d6ee-8a88bd0dc082.htm" />
        <HelpTOCNode Title="EncryptPassword Method " Url="html/f0dce209-b1b1-1824-1403-76996c0bebf6.htm" />
        <HelpTOCNode Title="FindUsersByEmail Method " Url="html/82546397-3eb3-5d84-4cf4-2c1035495305.htm" />
        <HelpTOCNode Title="FindUsersByName Method " Url="html/c6d37338-b557-626c-58c7-30942fa8ac9e.htm" />
        <HelpTOCNode Title="GetAllUsers Method " Url="html/3f2d60b2-61a5-8445-ffd7-5abc8e0a2274.htm" />
        <HelpTOCNode Title="GetNumberOfUsersOnline Method " Url="html/5af1af81-efa6-57bf-dd3b-9d47ed872fc9.htm" />
        <HelpTOCNode Title="GetPassword Method " Url="html/b72c8190-04a6-09bc-3bee-089e28c90a6f.htm" />
        <HelpTOCNode Id="74b70be6-8e79-45db-8317-3e98ce506ba2" Title="GetUser Method " Url="html/467df38f-5363-63c9-7fb5-e172db9f7353.htm">
          <HelpTOCNode Title="GetUser Method (Object, Boolean)" Url="html/6e43dbac-dc1c-c8f2-605d-ee7581972429.htm" />
          <HelpTOCNode Title="GetUser Method (String, Boolean)" Url="html/96b120ae-6aad-8048-e955-ac90dbed9f58.htm" />
        </HelpTOCNode>
        <HelpTOCNode Title="GetUserNameByEmail Method " Url="html/70588783-017c-a793-1f19-f2a07e00d0fe.htm" />
        <HelpTOCNode Title="ResetPassword Method " Url="html/e3e81eac-63b5-ffcb-dc1d-b9d3ac0666a7.htm" />
        <HelpTOCNode Title="UnlockUser Method " Url="html/883103eb-5824-a8b1-b781-070a91fc25eb.htm" />
        <HelpTOCNode Title="UpdateUser Method " Url="html/49dcb09e-55cc-3fd2-b899-f1f00f4533e3.htm" />
        <HelpTOCNode Title="ValidateUser Method " Url="html/3403b884-a808-7752-854d-f1755a2daaf4.htm" />
      </HelpTOCNode>
      <HelpTOCNode Id="d0e80264-426f-467b-b156-fea876ce138b" Title="MembershipProvider Properties" Url="html/ee705a99-2f57-fbb1-47ba-cde863627fb7.htm">
        <HelpTOCNode Title="ApplicationName Property " Url="html/7bbdfb1b-866f-dceb-ce82-7de767753fcf.htm" />
        <HelpTOCNode Title="Description Property " Url="html/82a52dad-59ed-2bf3-eb9e-490bbd969557.htm" />
        <HelpTOCNode Title="EnablePasswordReset Property " Url="html/3ff20d3d-8f48-9b5a-bbeb-8c0cd71e6b2b.htm" />
        <HelpTOCNode Title="EnablePasswordRetrieval Property " Url="html/9522b6ce-cbba-375a-30b5-01826ce62b04.htm" />
        <HelpTOCNode Title="MaxInvalidPasswordAttempts Property " Url="html/d7e152e7-fad8-d32b-0d98-6d5c86e0e4f3.htm" />
        <HelpTOCNode Title="MinRequiredNonAlphanumericCharacters Property " Url="html/3e26b456-f19e-ef2e-ae3e-21fbfbcf828f.htm" />
        <HelpTOCNode Title="MinRequiredPasswordLength Property " Url="html/5b3ac2a1-f13f-4746-d2f3-6f56a5e04341.htm" />
        <HelpTOCNode Title="PasswordAttemptWindow Property " Url="html/f4a33dec-23de-2d6d-f136-7049ec192138.htm" />
        <HelpTOCNode Title="PasswordFormat Property " Url="html/1c3b2bb6-e42b-df0b-e8ae-6c021efe8973.htm" />
        <HelpTOCNode Title="PasswordPolicy Property " Url="html/7a1ca354-7d95-26f3-409a-24f2b9acf072.htm" />
        <HelpTOCNode Title="PasswordStrategy Property " Url="html/96391ff9-4f54-8730-d3e6-d9551a99fa2e.htm" />
        <HelpTOCNode Title="PasswordStrengthRegularExpression Property " Url="html/a0eb5d51-f4f7-6b15-bd71-ee28093cd64e.htm" />
        <HelpTOCNode Title="RequiresQuestionAndAnswer Property " Url="html/e4a5e28b-ead5-1b2e-9afd-709b070132ab.htm" />
        <HelpTOCNode Title="RequiresUniqueEmail Property " Url="html/0e36e9b2-66a5-c878-9058-bc27f77a77e9.htm" />
        <HelpTOCNode Title="UserService Property " Url="html/2c94510b-0b16-bf73-67f3-f87a74e3a22d.htm" />
      </HelpTOCNode>
      <HelpTOCNode Title="MembershipProvider Events" Url="html/63686a4e-18fd-d4ca-c1cc-5236fc1cdae4.htm" />
    </HelpTOCNode>
    <HelpTOCNode Id="8e740534-9b5f-413f-8c40-860a775e7639" Title="PasswordExtensions Class" Url="html/815c07cb-d89c-430d-fbdb-af7c22c6bc5e.htm">
      <HelpTOCNode Title="PasswordExtensions Members" Url="html/865eb23e-0ad9-efc5-921a-e2734f1f6742.htm" />
      <HelpTOCNode Id="21b7ef07-79ec-47c6-9a9e-f44136e61426" Title="PasswordExtensions Methods" Url="html/99152e0c-c1b8-ee15-8abf-c7ea2474185c.htm">
        <HelpTOCNode Title="CreatePasswordInfo Method " Url="html/9424c0d6-0e27-a034-bc89-8ba4a4ba8914.htm" />
      </HelpTOCNode>
    </HelpTOCNode>
    <HelpTOCNode Id="01e7484f-b165-4fb5-9df9-458ad141892a" Title="PasswordPolicy Class" Url="html/13a6e97e-b454-b47e-09af-f8a9c05f213a.htm">
      <HelpTOCNode Title="PasswordPolicy Members" Url="html/43786302-a997-36c5-e53c-0f05186cdccb.htm" />
      <HelpTOCNode Title="PasswordPolicy Constructor " Url="html/6d09c2d7-b937-dfbb-d9f5-90470927400c.htm" />
      <HelpTOCNode Title="PasswordPolicy Methods" Url="html/d8b5f2ca-3969-5fbf-cc2d-022fe7f75a19.htm" />
      <HelpTOCNode Id="51af47b1-5a65-43f7-a718-a30b870176be" Title="PasswordPolicy Properties" Url="html/f78368f5-0211-7da2-ff47-b1fa358a263d.htm">
        <HelpTOCNode Title="IsPasswordQuestionRequired Property " Url="html/59a150fc-93a4-feff-9df1-17722db6d53d.htm" />
        <HelpTOCNode Title="IsPasswordResetEnabled Property " Url="html/5290a46c-2280-cf0d-2f0f-cca5959e1b3a.htm" />
        <HelpTOCNode Title="IsPasswordRetrievalEnabled Property " Url="html/66b86734-d0a8-f585-37d1-e08eb08d93ad.htm" />
        <HelpTOCNode Title="MaxInvalidPasswordAttempts Property " Url="html/4124b00f-0c66-f9be-d3c6-47b86f52b6cb.htm" />
        <HelpTOCNode Title="MinRequiredNonAlphanumericCharacters Property " Url="html/9d9b2f04-3b58-9637-a024-d0520549110a.htm" />
        <HelpTOCNode Title="PasswordAttemptWindow Property " Url="html/92c8cca1-9839-9982-a80f-6be1bb15cfd1.htm" />
        <HelpTOCNode Title="PasswordMinimumLength Property " Url="html/18b42125-cbab-ebd0-f4d7-953a13b5ca99.htm" />
        <HelpTOCNode Title="PasswordStrengthRegularExpression Property " Url="html/0607852d-33b2-a147-ea01-11ca53b23f8c.htm" />
      </HelpTOCNode>
    </HelpTOCNode>
  </HelpTOCNode>
  <HelpTOCNode Id="a4272295-dad5-4e74-b1e8-913215505e55" Title="Griffin.MvcContrib.Providers.Membership.PasswordStrategies Namespace" Url="html/137ac1df-5e34-fcb4-e738-abffc5a9f4d9.htm">
    <HelpTOCNode Id="6e52943a-bf71-48b2-83f3-323fb4bc9e39" Title="ClearTextStrategy Class" Url="html/f7385bb1-5b73-a284-8c6d-519aee46bb19.htm">
      <HelpTOCNode Title="ClearTextStrategy Members" Url="html/16cfcc06-cb17-b0a4-11c5-d00bd2c5f1f9.htm" />
      <HelpTOCNode Title="ClearTextStrategy Constructor " Url="html/47f30e5f-7447-c620-16fb-07a95f94c8a3.htm" />
      <HelpTOCNode Id="a76c69f5-85d8-4af6-9b5a-5c3541bc218a" Title="ClearTextStrategy Methods" Url="html/7bc6c118-3116-6e15-3c2d-0de73d284f37.htm">
        <HelpTOCNode Title="Compare Method " Url="html/48b1c046-24b8-0e8d-6590-498af457873c.htm" />
        <HelpTOCNode Title="Decrypt Method " Url="html/65331d39-836c-e9f4-d503-67025b91a585.htm" />
        <HelpTOCNode Title="Encrypt Method " Url="html/f554d018-9cb0-487a-bf56-692a034683f5.htm" />
        <HelpTOCNode Title="GeneratePassword Method " Url="html/8615f207-9eb8-d4c3-f524-5f2f04c253ce.htm" />
        <HelpTOCNode Title="IsValid Method " Url="html/e4ecad8a-221f-47ad-f0f0-1c4f811263f3.htm" />
      </HelpTOCNode>
      <HelpTOCNode Id="20d9fd7d-0a3d-4073-9920-99e914113a45" Title="ClearTextStrategy Properties" Url="html/8bfcc259-f5cf-54da-0dad-80d5b0eb7e8b.htm">
        <HelpTOCNode Title="IsPasswordsDecryptable Property " Url="html/81a2ca6e-36bd-76c5-f96d-baca6c2f3b6e.htm" />
        <HelpTOCNode Title="PasswordFormat Property " Url="html/b42c5c04-808b-1a78-4bc3-8b7f0aba5453.htm" />
      </HelpTOCNode>
    </HelpTOCNode>
    <HelpTOCNode Id="cf0a36b4-14be-437e-8530-f0cdf141c5d7" Title="HashPasswordStrategy Class" Url="html/19d377c5-847d-b849-9a22-6aec3b36f148.htm">
      <HelpTOCNode Title="HashPasswordStrategy Members" Url="html/e4c5a6a8-127a-d116-e416-03c353bda0e3.htm" />
      <HelpTOCNode Title="HashPasswordStrategy Constructor " Url="html/0ec1eb70-0cd5-ee32-3947-f6cd1bd6bd21.htm" />
      <HelpTOCNode Id="883dad6c-7da4-4808-a8df-e7f4d57f22ec" Title="HashPasswordStrategy Methods" Url="html/3f8c6b2a-4039-5323-b92b-abb17440afbf.htm">
        <HelpTOCNode Title="Compare Method " Url="html/29cfc4fb-8f4e-9e25-e0a7-2d7aef2858d3.htm" />
        <HelpTOCNode Title="CreateSalt Method " Url="html/af08d96c-af05-e7e0-1b31-5502793e394f.htm" />
        <HelpTOCNode Title="Decrypt Method " Url="html/741be4fd-aa59-227c-21db-9b3697bc36c5.htm" />
        <HelpTOCNode Title="Encrypt Method " Url="html/b174479a-3ee4-3f70-5d55-43954e59c9e9.htm" />
        <HelpTOCNode Title="GeneratePassword Method " Url="html/a93c5938-108a-eba9-4866-f50c8ff7a691.htm" />
        <HelpTOCNode Title="IsValid Method " Url="html/a5c6948a-22e5-0d6b-5429-fb53965fcf04.htm" />
      </HelpTOCNode>
      <HelpTOCNode Id="aee55ea3-87ef-4ddb-9ced-c58608cc7c32" Title="HashPasswordStrategy Properties" Url="html/8dc94ddd-745f-3699-ea28-497bdbd23f41.htm">
        <HelpTOCNode Title="IsPasswordsDecryptable Property " Url="html/7c455a5e-af9a-4e66-b24e-1d4bf0ff579d.htm" />
        <HelpTOCNode Title="PasswordFormat Property " Url="html/b3aa332d-0f91-2846-5b26-a84993f721f1.htm" />
      </HelpTOCNode>
    </HelpTOCNode>
    <HelpTOCNode Id="46988024-9ff2-4abc-a5d8-3da192938c1c" Title="PasswordPolicyExtensions Class" Url="html/01f88f5d-b8a7-0c8f-1339-f9d803e7d2e7.htm">
      <HelpTOCNode Title="PasswordPolicyExtensions Members" Url="html/5f3edc35-fbd6-4791-aea0-6fc46b47892b.htm" />
      <HelpTOCNode Id="8124c361-aa63-49b7-95b5-e7f3a344aef3" Title="PasswordPolicyExtensions Methods" Url="html/dc08b5c8-7068-69b8-4c2a-03a574272e28.htm">
        <HelpTOCNode Title="GeneratePassword Method " Url="html/b319c5b6-1b1a-5fc0-8a1c-86633174511e.htm" />
        <HelpTOCNode Title="IsPasswordValid Method " Url="html/bdacfc2e-1f90-b68f-1520-571a02cb42aa.htm" />
      </HelpTOCNode>
    </HelpTOCNode>
    <HelpTOCNode Id="19d81bf9-bd5b-4856-9fb8-69ae41c62556" Title="TripleDesStrategy Class" Url="html/9cb0c097-9be9-c80e-b3f9-655756eb6b1d.htm">
      <HelpTOCNode Title="TripleDesStrategy Members" Url="html/ec281ac8-6c5e-0986-5c8c-d58e5ed15f04.htm" />
      <HelpTOCNode Title="TripleDesStrategy Constructor " Url="html/4ff7ba50-bfae-801d-8a00-c84b42ed6a6b.htm" />
      <HelpTOCNode Id="ce426748-6f30-48be-98f7-afb16e584140" Title="TripleDesStrategy Methods" Url="html/649cf6b9-a406-61c3-3500-ce020b2e9555.htm">
        <HelpTOCNode Title="Compare Method " Url="html/81d5ead8-0f33-57e7-720c-246d19ebf815.htm" />
        <HelpTOCNode Title="Decrypt Method " Url="html/c2419b16-9a07-d331-24e9-c857b2bc9fd2.htm" />
        <HelpTOCNode Title="DecryptString Method " Url="html/95e788a3-e6e8-89ed-fd16-da43ce49ba76.htm" />
        <HelpTOCNode Title="Encrypt Method " Url="html/0b1f69c5-5ec8-565e-ba41-932edc2deb58.htm" />
        <HelpTOCNode Title="EncryptString Method " Url="html/2b48df4b-c839-4a91-eed4-285caae6f5ca.htm" />
        <HelpTOCNode Title="GeneratePassword Method " Url="html/0b0e90d8-330e-25b8-6ff5-a40f206b76e7.htm" />
        <HelpTOCNode Title="IsValid Method " Url="html/ed75abd8-146b-1617-d0cd-56178808786a.htm" />
      </HelpTOCNode>
      <HelpTOCNode Id="c3e2c985-e02a-4fb8-8012-caad14a7ee7f" Title="TripleDesStrategy Properties" Url="html/94afb294-fdc5-f8e0-aa0d-9614dd6e69f1.htm">
        <HelpTOCNode Title="IsPasswordsDecryptable Property " Url="html/2dff34f1-960d-7a9d-48ed-fcf2fddb8517.htm" />
        <HelpTOCNode Title="PasswordFormat Property " Url="html/f919dd37-0201-e7a8-d30c-70c970d1e080.htm" />
      </HelpTOCNode>
    </HelpTOCNode>
  </HelpTOCNode>
  <HelpTOCNode Id="d57b088e-d464-4f3c-a7d0-2a45584ce308" Title="Griffin.MvcContrib.Providers.Roles Namespace" Url="html/fe548dce-19ec-6e75-4756-35e2f725823b.htm">
    <HelpTOCNode Id="8c694e8a-838b-44a0-8137-35c7d0e53103" Title="IRole Interface" Url="html/70947f90-dbfe-fd47-b734-c522d730105a.htm">
      <HelpTOCNode Title="IRole Members" Url="html/9532f1a4-3bdc-e82b-73d0-c5e92842f19d.htm" />
      <HelpTOCNode Id="9ccd2f7c-aba2-41dc-b2f9-606ce42b3c2d" Title="IRole Properties" Url="html/020a2610-e7ae-c775-4682-dbb8b22c21d4.htm">
        <HelpTOCNode Title="Count Property " Url="html/d5dfc7fa-6bff-3e12-6f75-bc122a21ac0f.htm" />
        <HelpTOCNode Title="Name Property " Url="html/cabeb3b5-63e3-4f94-a1a3-a1695fe7140e.htm" />
        <HelpTOCNode Title="Users Property " Url="html/7ee692ca-f28c-5653-c05a-3b87b882dc2f.htm" />
      </HelpTOCNode>
    </HelpTOCNode>
    <HelpTOCNode Id="6a75df3d-3a63-4135-9d7d-b6c9a3e7038c" Title="IRoleRepository Interface" Url="html/4582d4da-91bb-f4ec-b42c-76e3d8a2e619.htm">
      <HelpTOCNode Title="IRoleRepository Members" Url="html/ca1ee800-5e34-c971-34c6-4c971b77ef09.htm" />
      <HelpTOCNode Id="68143ec9-821e-468f-84ce-7163497c07e2" Title="IRoleRepository Methods" Url="html/c7962ec2-40db-49f5-5c2b-6c509de1bd45.htm">
        <HelpTOCNode Title="AddUserToRole Method " Url="html/9d3ef959-68cc-fc2f-78df-7469773f46e9.htm" />
        <HelpTOCNode Title="CreateRole Method " Url="html/1fedae1f-a3e5-c794-c6b0-dd3749e1a050.htm" />
        <HelpTOCNode Title="Exists Method " Url="html/8077277b-d6be-a351-2e4c-86a0d1cf3375.htm" />
        <HelpTOCNode Title="GetRole Method " Url="html/4236cf0a-6d63-c707-f596-393b23780b44.htm" />
        <HelpTOCNode Title="GetRoleNames Method " Url="html/81280f46-bf2a-5217-37f5-ce41ce65acad.htm" />
        <HelpTOCNode Title="GetUser Method " Url="html/5a7b30cc-a3ae-2b8b-7bb9-d01375ec944d.htm" />
        <HelpTOCNode Title="RemoveRole Method " Url="html/2887834f-fb7d-c52b-cf7b-5e1b7382c233.htm" />
        <HelpTOCNode Title="RemoveUserFromRole Method " Url="html/bcc998ad-4fd8-da26-79f5-64f9236af638.htm" />
      </HelpTOCNode>
    </HelpTOCNode>
    <HelpTOCNode Id="045f3a4d-10cd-45d1-9bd2-650e1345bf48" Title="IUserWithRoles Interface" Url="html/df38b92d-d27b-2237-03bf-05e1c37b79bc.htm">
      <HelpTOCNode Title="IUserWithRoles Members" Url="html/9e6eac7e-ebb1-0601-2151-397a322ecd4b.htm" />
      <HelpTOCNode Id="0568d46e-70f2-45b0-8b2e-61f0821f1edf" Title="IUserWithRoles Methods" Url="html/01311f1e-7628-85fc-5fe6-129c702e4502.htm">
        <HelpTOCNode Title="IsInRole Method " Url="html/9cb7e13d-1d1b-c7db-320a-2bc022d94fe7.htm" />
      </HelpTOCNode>
      <HelpTOCNode Id="260a75a6-ba32-45a4-bbfa-cadce272593b" Title="IUserWithRoles Properties" Url="html/aefcd70d-9577-57f2-b362-7f2eb277905f.htm">
        <HelpTOCNode Title="Roles Property " Url="html/2f097886-beb4-63f1-80aa-b3423199f538.htm" />
      </HelpTOCNode>
    </HelpTOCNode>
    <HelpTOCNode Id="31366248-a639-444b-a988-05eb56e186f5" Title="RoleProvider Class" Url="html/682cf803-4b24-8895-9886-fdb0e706d0c2.htm">
      <HelpTOCNode Title="RoleProvider Members" Url="html/a5ab7a27-2f28-b674-aaff-107f6a77a480.htm" />
      <HelpTOCNode Title="RoleProvider Constructor " Url="html/bf8ec273-b985-aa9b-57ad-4cb016d9e953.htm" />
      <HelpTOCNode Id="d0cdf87a-8bfa-415b-8d4d-cc6345492778" Title="RoleProvider Methods" Url="html/ce3404cf-a15c-38c6-04e5-56e8ec4e4646.htm">
        <HelpTOCNode Title="AddUsersToRoles Method " Url="html/c024e897-0979-0f1f-d9b5-ce91716fd9f8.htm" />
        <HelpTOCNode Title="Configure Method " Url="html/4d778b21-e985-de0b-9a1a-1185f72edfb3.htm" />
        <HelpTOCNode Title="CreateRole Method " Url="html/f8a3cbd9-3989-0af2-2917-edd1c0b1aa89.htm" />
        <HelpTOCNode Title="DeleteRole Method " Url="html/53000065-823c-a844-feac-45ad5bf70d6d.htm" />
        <HelpTOCNode Title="FindUsersInRole Method " Url="html/8ad7aa70-550d-1de7-a204-3712adebe4c2.htm" />
        <HelpTOCNode Title="GetAllRoles Method " Url="html/a2d43296-3678-d1ac-693d-fdf684b5eff3.htm" />
        <HelpTOCNode Title="GetRolesForUser Method " Url="html/20ebb057-be5f-6b8a-a6c4-382b0e4888c4.htm" />
        <HelpTOCNode Title="GetUsersInRole Method " Url="html/7724a1b1-4a9b-aa40-15cf-a76e162614a2.htm" />
        <HelpTOCNode Title="Initialize Method " Url="html/22a7054d-bc99-afff-c47f-d87c74b10921.htm" />
        <HelpTOCNode Title="IsUserInRole Method " Url="html/9643b5a6-9bfc-3efa-3aec-0ee2ab8da9f8.htm" />
        <HelpTOCNode Title="RemoveUsersFromRoles Method " Url="html/efef462a-5a30-f3a2-3654-16790151b971.htm" />
        <HelpTOCNode Title="RoleExists Method " Url="html/bf880bdd-39bd-d150-aca6-a8fa7d215112.htm" />
      </HelpTOCNode>
      <HelpTOCNode Id="196b5ed3-0b90-4d1a-a386-7e7d1764d898" Title="RoleProvider Properties" Url="html/a392cda9-3acf-b39d-12cc-dec3140466e5.htm">
        <HelpTOCNode Title="ApplicationName Property " Url="html/da74b638-f246-1b9c-3263-ab7e690ff664.htm" />
      </HelpTOCNode>
    </HelpTOCNode>
  </HelpTOCNode>
</HelpTOC>
